
> baak-ai@0.1.0 dev
> next dev --port 3001

▲ Next.js 16.3.0 (Turbopack)
- Local:         http://localhost:3001
- Network:       http://192.168.12.184:3001
- Environments: .env
✓ Ready in 2.8s
✓ Running next.config.ts took 153ms

 GET /login?callbackUrl=%2F 200 in 210ms (next.js: 76ms, proxy.ts: 3ms, application-code: 132ms)
 GET /login?callbackUrl=%2F 200 in 28ms (next.js: 6ms, proxy.ts: 4ms, application-code: 18ms)
✓ Compiled in 142ms
 GET /login?callbackUrl=%2F 200 in 19ms (next.js: 4ms, proxy.ts: 3ms, application-code: 13ms)
 GET /login?callbackUrl=%2F 200 in 19ms (next.js: 4ms, proxy.ts: 3ms, application-code: 13ms)
 GET /login?callbackUrl=%2F 200 in 19ms (next.js: 4ms, proxy.ts: 2ms, application-code: 13ms)
 GET /login?callbackUrl=%2F 200 in 27ms (next.js: 4ms, proxy.ts: 3ms, application-code: 20ms)
 GET /login?callbackUrl=%2F 200 in 20ms (next.js: 4ms, proxy.ts: 3ms, application-code: 13ms)
 GET /login?callbackUrl=%2F 200 in 18ms (next.js: 4ms, proxy.ts: 3ms, application-code: 11ms)
 GET /login?callbackUrl=%2F 200 in 19ms (next.js: 5ms, proxy.ts: 3ms, application-code: 12ms)
 GET /login?callbackUrl=%2F 200 in 22ms (next.js: 4ms, proxy.ts: 2ms, application-code: 15ms)
 GET /login?callbackUrl=%2F 200 in 18ms (next.js: 4ms, proxy.ts: 3ms, application-code: 11ms)
 GET /login?callbackUrl=%2F 200 in 18ms (next.js: 3ms, proxy.ts: 3ms, application-code: 12ms)
 GET /login?callbackUrl=%2F 200 in 18ms (next.js: 4ms, proxy.ts: 3ms, application-code: 11ms)
 GET /login?callbackUrl=%2F 200 in 17ms (next.js: 3ms, proxy.ts: 3ms, application-code: 11ms)
 GET /login?callbackUrl=%2F 200 in 15ms (next.js: 3ms, proxy.ts: 2ms, application-code: 10ms)
 GET /login?callbackUrl=%2F 200 in 18ms (next.js: 4ms, proxy.ts: 2ms, application-code: 11ms)
 GET /login?callbackUrl=%2F 200 in 17ms (next.js: 4ms, proxy.ts: 2ms, application-code: 11ms)
 GET /login?callbackUrl=%2F 200 in 18ms (next.js: 3ms, proxy.ts: 3ms, application-code: 12ms)
 GET /login?callbackUrl=%2F 200 in 17ms (next.js: 3ms, proxy.ts: 3ms, application-code: 11ms)
 GET /login?callbackUrl=%2F 200 in 16ms (next.js: 3ms, proxy.ts: 2ms, application-code: 10ms)
 GET /login?callbackUrl=%2F 200 in 17ms (next.js: 3ms, proxy.ts: 3ms, application-code: 11ms)
 GET /login?callbackUrl=%2F 200 in 16ms (next.js: 4ms, proxy.ts: 2ms, application-code: 10ms)
 GET /login?callbackUrl=%2F 200 in 16ms (next.js: 3ms, proxy.ts: 2ms, application-code: 10ms)
 GET /login?callbackUrl=%2F 200 in 16ms (next.js: 4ms, proxy.ts: 1.9ms, application-code: 10ms)
 GET /login?callbackUrl=%2F 200 in 17ms (next.js: 4ms, proxy.ts: 3ms, application-code: 11ms)
 GET /login?callbackUrl=%2F 200 in 16ms (next.js: 4ms, proxy.ts: 3ms, application-code: 10ms)
 GET /login?callbackUrl=%2F 200 in 16ms (next.js: 3ms, proxy.ts: 2ms, application-code: 10ms)
 GET /login?callbackUrl=%2F 200 in 16ms (next.js: 3ms, proxy.ts: 2ms, application-code: 10ms)
 GET /login?callbackUrl=%2F 200 in 19ms (next.js: 3ms, proxy.ts: 2ms, application-code: 13ms)
 GET /login?callbackUrl=%2F 200 in 16ms (next.js: 3ms, proxy.ts: 2ms, application-code: 11ms)
 GET /login?callbackUrl=%2F 200 in 20ms (next.js: 5ms, proxy.ts: 2ms, application-code: 13ms)
 GET /login?callbackUrl=%2F 200 in 16ms (next.js: 3ms, proxy.ts: 3ms, application-code: 10ms)
 GET /login?callbackUrl=%2F 200 in 14ms (next.js: 3ms, proxy.ts: 1.9ms, application-code: 9ms)
 GET /login?callbackUrl=%2F 200 in 19ms (next.js: 3ms, proxy.ts: 3ms, application-code: 13ms)
 GET /login?callbackUrl=%2F 200 in 16ms (next.js: 3ms, proxy.ts: 3ms, application-code: 10ms)
 GET /login?callbackUrl=%2F 200 in 17ms (next.js: 3ms, proxy.ts: 2ms, application-code: 12ms)
 GET /login?callbackUrl=%2F 200 in 15ms (next.js: 3ms, proxy.ts: 2ms, application-code: 10ms)
 GET /login?callbackUrl=%2F 200 in 15ms (next.js: 4ms, proxy.ts: 1.8ms, application-code: 10ms)
 GET /login?callbackUrl=%2F 200 in 16ms (next.js: 4ms, proxy.ts: 2ms, application-code: 10ms)
 GET /login?callbackUrl=%2F 200 in 17ms (next.js: 3ms, proxy.ts: 2.0ms, application-code: 12ms)
 GET /login?callbackUrl=%2F 200 in 16ms (next.js: 3ms, proxy.ts: 2ms, application-code: 11ms)
 GET /login?callbackUrl=%2F 200 in 17ms (next.js: 3ms, proxy.ts: 2ms, application-code: 11ms)
 GET /login?callbackUrl=%2F 200 in 25ms (next.js: 4ms, proxy.ts: 3ms, application-code: 18ms)
 GET /login?callbackUrl=%2F 200 in 16ms (next.js: 3ms, proxy.ts: 2ms, application-code: 10ms)
 GET /login?callbackUrl=%2F 200 in 14ms (next.js: 3ms, proxy.ts: 1.8ms, application-code: 10ms)
 GET /login?callbackUrl=%2F 200 in 18ms (next.js: 4ms, proxy.ts: 2ms, application-code: 11ms)
 GET /login?callbackUrl=%2F 200 in 16ms (next.js: 3ms, proxy.ts: 3ms, application-code: 10ms)
 GET /login?callbackUrl=%2F 200 in 15ms (next.js: 3ms, proxy.ts: 2ms, application-code: 10ms)
 GET /login?callbackUrl=%2F 200 in 15ms (next.js: 3ms, proxy.ts: 2ms, application-code: 10ms)
 GET /login?callbackUrl=%2F 200 in 16ms (next.js: 3ms, proxy.ts: 1.9ms, application-code: 10ms)
 GET /login?callbackUrl=%2F 200 in 17ms (next.js: 4ms, proxy.ts: 3ms, application-code: 10ms)
 GET /login?callbackUrl=%2F 200 in 17ms (next.js: 3ms, proxy.ts: 3ms, application-code: 10ms)
 GET /login?callbackUrl=%2F 200 in 15ms (next.js: 3ms, proxy.ts: 2ms, application-code: 10ms)
 GET /login?callbackUrl=%2F 200 in 15ms (next.js: 3ms, proxy.ts: 1.9ms, application-code: 10ms)
 GET /login?callbackUrl=%2F 200 in 16ms (next.js: 3ms, proxy.ts: 2ms, application-code: 11ms)
 GET /login?callbackUrl=%2F 200 in 15ms (next.js: 3ms, proxy.ts: 2.0ms, application-code: 10ms)
 GET /login?callbackUrl=%2F 200 in 16ms (next.js: 3ms, proxy.ts: 1.8ms, application-code: 11ms)
 GET /login?callbackUrl=%2F 200 in 17ms (next.js: 4ms, proxy.ts: 2ms, application-code: 11ms)
 GET /login?callbackUrl=%2F 200 in 16ms (next.js: 3ms, proxy.ts: 2ms, application-code: 11ms)
 GET /login?callbackUrl=%2F 200 in 16ms (next.js: 3ms, proxy.ts: 2ms, application-code: 10ms)
 GET /login?callbackUrl=%2F 200 in 16ms (next.js: 4ms, proxy.ts: 3ms, application-code: 10ms)
 GET /login?callbackUrl=%2F 200 in 17ms (next.js: 4ms, proxy.ts: 1.8ms, application-code: 11ms)
 GET /login?callbackUrl=%2F 200 in 15ms (next.js: 3ms, proxy.ts: 2ms, application-code: 10ms)
 GET /login?callbackUrl=%2F 200 in 16ms (next.js: 3ms, proxy.ts: 1.9ms, application-code: 10ms)
 GET /login?callbackUrl=%2F 200 in 17ms (next.js: 3ms, proxy.ts: 3ms, application-code: 11ms)
 GET /login?callbackUrl=%2F 200 in 17ms (next.js: 4ms, proxy.ts: 2ms, application-code: 11ms)
 GET /login?callbackUrl=%2F 200 in 15ms (next.js: 3ms, proxy.ts: 1.9ms, application-code: 10ms)
 GET /login?callbackUrl=%2F 200 in 16ms (next.js: 3ms, proxy.ts: 1.8ms, application-code: 10ms)
 GET /login?callbackUrl=%2F 200 in 16ms (next.js: 3ms, proxy.ts: 2ms, application-code: 10ms)
 GET /login?callbackUrl=%2F 200 in 17ms (next.js: 4ms, proxy.ts: 1.9ms, application-code: 10ms)
 GET /login?callbackUrl=%2F 200 in 18ms (next.js: 3ms, proxy.ts: 2ms, application-code: 12ms)
 GET /login?callbackUrl=%2F 200 in 19ms (next.js: 4ms, proxy.ts: 3ms, application-code: 13ms)
 GET /login?callbackUrl=%2F 200 in 15ms (next.js: 3ms, proxy.ts: 1.8ms, application-code: 11ms)
 GET /login?callbackUrl=%2F 200 in 17ms (next.js: 3ms, proxy.ts: 2ms, application-code: 12ms)
 GET /login?callbackUrl=%2F 200 in 22ms (next.js: 4ms, proxy.ts: 3ms, application-code: 16ms)
 GET /login?callbackUrl=%2F 200 in 15ms (next.js: 3ms, proxy.ts: 2ms, application-code: 9ms)
 GET /login?callbackUrl=%2F 200 in 15ms (next.js: 3ms, proxy.ts: 2ms, application-code: 10ms)
 GET /login?callbackUrl=%2F 200 in 15ms (next.js: 4ms, proxy.ts: 2ms, application-code: 9ms)
 GET /login?callbackUrl=%2F 200 in 15ms (next.js: 3ms, proxy.ts: 2ms, application-code: 10ms)
 GET /login?callbackUrl=%2F 200 in 16ms (next.js: 3ms, proxy.ts: 4ms, application-code: 9ms)
 GET /login?callbackUrl=%2F 200 in 15ms (next.js: 3ms, proxy.ts: 3ms, application-code: 10ms)
 GET /login?callbackUrl=%2F 200 in 15ms (next.js: 3ms, proxy.ts: 2ms, application-code: 10ms)
 GET /login?callbackUrl=%2F 200 in 16ms (next.js: 3ms, proxy.ts: 3ms, application-code: 10ms)
 GET /login?callbackUrl=%2F 200 in 15ms (next.js: 3ms, proxy.ts: 2ms, application-code: 10ms)
 GET /login?callbackUrl=%2F 200 in 17ms (next.js: 3ms, proxy.ts: 3ms, application-code: 12ms)
 GET /login?callbackUrl=%2F 200 in 17ms (next.js: 4ms, proxy.ts: 2ms, application-code: 10ms)
 GET /login?callbackUrl=%2F 200 in 14ms (next.js: 3ms, proxy.ts: 1.8ms, application-code: 9ms)
 GET /login?callbackUrl=%2F 200 in 15ms (next.js: 3ms, proxy.ts: 2ms, application-code: 10ms)
 GET /login?callbackUrl=%2F 200 in 15ms (next.js: 4ms, proxy.ts: 1.9ms, application-code: 10ms)
 GET /login?callbackUrl=%2F 200 in 16ms (next.js: 4ms, proxy.ts: 2ms, application-code: 11ms)
 GET /login?callbackUrl=%2F 200 in 15ms (next.js: 3ms, proxy.ts: 2ms, application-code: 10ms)
 GET /login?callbackUrl=%2F 200 in 16ms (next.js: 4ms, proxy.ts: 2ms, application-code: 10ms)
 GET /login?callbackUrl=%2F 200 in 15ms (next.js: 3ms, proxy.ts: 2ms, application-code: 10ms)
 GET /login?callbackUrl=%2F 200 in 17ms (next.js: 4ms, proxy.ts: 1.7ms, application-code: 11ms)
 GET /login?callbackUrl=%2F 200 in 15ms (next.js: 3ms, proxy.ts: 2ms, application-code: 10ms)
 GET /login?callbackUrl=%2F 200 in 15ms (next.js: 3ms, proxy.ts: 2ms, application-code: 9ms)
 GET /login?callbackUrl=%2F 200 in 15ms (next.js: 3ms, proxy.ts: 2ms, application-code: 9ms)
 GET /login?callbackUrl=%2F 200 in 17ms (next.js: 3ms, proxy.ts: 1.8ms, application-code: 12ms)
 GET /login?callbackUrl=%2F 200 in 15ms (next.js: 3ms, proxy.ts: 2ms, application-code: 10ms)
 GET /login?callbackUrl=%2F 200 in 15ms (next.js: 3ms, proxy.ts: 2ms, application-code: 9ms)
 GET /login?callbackUrl=%2F 200 in 17ms (next.js: 4ms, proxy.ts: 1.8ms, application-code: 11ms)
 GET /login?callbackUrl=%2F 200 in 15ms (next.js: 3ms, proxy.ts: 1.9ms, application-code: 10ms)
 GET /login?callbackUrl=%2F 200 in 16ms (next.js: 3ms, proxy.ts: 1.8ms, application-code: 12ms)
 GET /login?callbackUrl=%2F 200 in 16ms (next.js: 3ms, proxy.ts: 2ms, application-code: 11ms)
 GET /login?callbackUrl=%2F 200 in 15ms (next.js: 3ms, proxy.ts: 2.0ms, application-code: 9ms)
 GET /login?callbackUrl=%2F 200 in 17ms (next.js: 4ms, proxy.ts: 3ms, application-code: 10ms)
 GET /login?callbackUrl=%2F 200 in 17ms (next.js: 3ms, proxy.ts: 3ms, application-code: 10ms)
 GET /login?callbackUrl=%2F 200 in 19ms (next.js: 4ms, proxy.ts: 2ms, application-code: 13ms)
 GET /login?callbackUrl=%2F 200 in 18ms (next.js: 3ms, proxy.ts: 2ms, application-code: 12ms)
 GET /login?callbackUrl=%2F 200 in 22ms (next.js: 4ms, proxy.ts: 3ms, application-code: 15ms)
 GET /login?callbackUrl=%2F 200 in 16ms (next.js: 3ms, proxy.ts: 2ms, application-code: 11ms)
 GET /login?callbackUrl=%2F 200 in 15ms (next.js: 3ms, proxy.ts: 2ms, application-code: 10ms)
 GET /login?callbackUrl=%2F 200 in 16ms (next.js: 3ms, proxy.ts: 1.8ms, application-code: 11ms)
 GET /login?callbackUrl=%2F 200 in 15ms (next.js: 3ms, proxy.ts: 3ms, application-code: 9ms)
 GET /login?callbackUrl=%2F 200 in 15ms (next.js: 3ms, proxy.ts: 1.8ms, application-code: 10ms)
 GET /login?callbackUrl=%2F 200 in 16ms (next.js: 4ms, proxy.ts: 2ms, application-code: 10ms)
 GET /login?callbackUrl=%2F 200 in 15ms (next.js: 3ms, proxy.ts: 2ms, application-code: 10ms)
 GET /login?callbackUrl=%2F 200 in 16ms (next.js: 3ms, proxy.ts: 4ms, application-code: 9ms)
 GET /login?callbackUrl=%2F 200 in 15ms (next.js: 3ms, proxy.ts: 2ms, application-code: 10ms)
 GET /login?callbackUrl=%2F 200 in 15ms (next.js: 3ms, proxy.ts: 2ms, application-code: 10ms)
 GET /login?callbackUrl=%2F 200 in 17ms (next.js: 3ms, proxy.ts: 3ms, application-code: 11ms)
 GET /login?callbackUrl=%2F 200 in 14ms (next.js: 3ms, proxy.ts: 1.8ms, application-code: 9ms)
 GET /login?callbackUrl=%2F 200 in 17ms (next.js: 3ms, proxy.ts: 1.8ms, application-code: 12ms)
 GET /login?callbackUrl=%2F 200 in 17ms (next.js: 3ms, proxy.ts: 3ms, application-code: 11ms)
 GET /login?callbackUrl=%2F 200 in 15ms (next.js: 3ms, proxy.ts: 2ms, application-code: 10ms)
 GET /login?callbackUrl=%2F 200 in 16ms (next.js: 4ms, proxy.ts: 2ms, application-code: 11ms)
 GET /login?callbackUrl=%2F 200 in 16ms (next.js: 3ms, proxy.ts: 3ms, application-code: 10ms)
 GET /login?callbackUrl=%2F 200 in 18ms (next.js: 4ms, proxy.ts: 3ms, application-code: 12ms)
 GET /login?callbackUrl=%2F 200 in 15ms (next.js: 3ms, proxy.ts: 1.8ms, application-code: 9ms)
 GET /login?callbackUrl=%2F 200 in 15ms (next.js: 3ms, proxy.ts: 2ms, application-code: 10ms)
 GET /login?callbackUrl=%2F 200 in 17ms (next.js: 3ms, proxy.ts: 3ms, application-code: 11ms)
 GET /login?callbackUrl=%2F 200 in 17ms (next.js: 3ms, proxy.ts: 1.9ms, application-code: 12ms)
 GET /login?callbackUrl=%2F 200 in 15ms (next.js: 3ms, proxy.ts: 2ms, application-code: 9ms)
 GET /login?callbackUrl=%2F 200 in 15ms (next.js: 3ms, proxy.ts: 2ms, application-code: 10ms)
 GET /login?callbackUrl=%2F 200 in 16ms (next.js: 3ms, proxy.ts: 2ms, application-code: 11ms)
 GET /login?callbackUrl=%2F 200 in 17ms (next.js: 3ms, proxy.ts: 2ms, application-code: 12ms)
 GET /login?callbackUrl=%2F 200 in 16ms (next.js: 3ms, proxy.ts: 3ms, application-code: 10ms)
 GET /login?callbackUrl=%2F 200 in 15ms (next.js: 3ms, proxy.ts: 1.8ms, application-code: 10ms)
 GET /login?callbackUrl=%2F 200 in 14ms (next.js: 3ms, proxy.ts: 2ms, application-code: 9ms)
 GET /login?callbackUrl=%2F 200 in 15ms (next.js: 3ms, proxy.ts: 2ms, application-code: 9ms)
 GET /login?callbackUrl=%2F 200 in 17ms (next.js: 3ms, proxy.ts: 1.8ms, application-code: 12ms)
 GET /login?callbackUrl=%2F 200 in 14ms (next.js: 3ms, proxy.ts: 2ms, application-code: 9ms)
 GET /login?callbackUrl=%2F 200 in 16ms (next.js: 3ms, proxy.ts: 3ms, application-code: 9ms)
 GET /login?callbackUrl=%2F 200 in 17ms (next.js: 3ms, proxy.ts: 3ms, application-code: 12ms)
 GET /login?callbackUrl=%2F 200 in 17ms (next.js: 4ms, proxy.ts: 3ms, application-code: 11ms)
 GET /login?callbackUrl=%2F 200 in 17ms (next.js: 4ms, proxy.ts: 2ms, application-code: 10ms)
 GET /login?callbackUrl=%2F 200 in 17ms (next.js: 3ms, proxy.ts: 2ms, application-code: 11ms)
 GET /login?callbackUrl=%2F 200 in 17ms (next.js: 3ms, proxy.ts: 1.8ms, application-code: 12ms)
 GET /login?callbackUrl=%2F 200 in 20ms (next.js: 4ms, proxy.ts: 2ms, application-code: 13ms)
 GET /login?callbackUrl=%2F 200 in 18ms (next.js: 3ms, proxy.ts: 2ms, application-code: 12ms)
 GET /login?callbackUrl=%2F 200 in 19ms (next.js: 4ms, proxy.ts: 3ms, application-code: 12ms)
 GET /login?callbackUrl=%2F 200 in 16ms (next.js: 4ms, proxy.ts: 2ms, application-code: 10ms)
 GET /login?callbackUrl=%2F 200 in 15ms (next.js: 3ms, proxy.ts: 1.7ms, application-code: 10ms)
 GET /login?callbackUrl=%2F 200 in 16ms (next.js: 4ms, proxy.ts: 2ms, application-code: 10ms)
 GET /login?callbackUrl=%2F 200 in 15ms (next.js: 3ms, proxy.ts: 1.7ms, application-code: 10ms)
 GET /login?callbackUrl=%2F 200 in 16ms (next.js: 3ms, proxy.ts: 4ms, application-code: 10ms)
 GET /login?callbackUrl=%2F 200 in 15ms (next.js: 3ms, proxy.ts: 2ms, application-code: 9ms)
 GET /login?callbackUrl=%2F 200 in 17ms (next.js: 3ms, proxy.ts: 3ms, application-code: 10ms)
 GET /login?callbackUrl=%2F 200 in 16ms (next.js: 3ms, proxy.ts: 2ms, application-code: 10ms)
 GET /login?callbackUrl=%2F 200 in 17ms (next.js: 3ms, proxy.ts: 1.8ms, application-code: 12ms)
 GET /login?callbackUrl=%2F 200 in 15ms (next.js: 3ms, proxy.ts: 2ms, application-code: 10ms)
 GET /login?callbackUrl=%2F 200 in 15ms (next.js: 3ms, proxy.ts: 2ms, application-code: 10ms)
 GET /login?callbackUrl=%2F 200 in 14ms (next.js: 3ms, proxy.ts: 1.7ms, application-code: 9ms)
 GET /login?callbackUrl=%2F 200 in 16ms (next.js: 4ms, proxy.ts: 2ms, application-code: 10ms)
 GET /login?callbackUrl=%2F 200 in 18ms (next.js: 5ms, proxy.ts: 3ms, application-code: 11ms)
 GET /login?callbackUrl=%2F 200 in 18ms (next.js: 4ms, proxy.ts: 2ms, application-code: 12ms)
 GET /login?callbackUrl=%2F 200 in 17ms (next.js: 5ms, proxy.ts: 2ms, application-code: 10ms)
 GET /login?callbackUrl=%2F 200 in 16ms (next.js: 3ms, proxy.ts: 2ms, application-code: 10ms)
 GET /login?callbackUrl=%2F 200 in 17ms (next.js: 3ms, proxy.ts: 2ms, application-code: 11ms)
 GET /login?callbackUrl=%2F 200 in 19ms (next.js: 3ms, proxy.ts: 2ms, application-code: 13ms)
 GET /login?callbackUrl=%2F 200 in 16ms (next.js: 3ms, proxy.ts: 2ms, application-code: 11ms)
 GET /login?callbackUrl=%2F 200 in 15ms (next.js: 4ms, proxy.ts: 1.8ms, application-code: 9ms)
 GET /login?callbackUrl=%2F 200 in 15ms (next.js: 3ms, proxy.ts: 2ms, application-code: 10ms)
 GET /login?callbackUrl=%2F 200 in 17ms (next.js: 3ms, proxy.ts: 2ms, application-code: 12ms)
 GET /login?callbackUrl=%2F 200 in 15ms (next.js: 3ms, proxy.ts: 2ms, application-code: 10ms)
 GET /login?callbackUrl=%2F 200 in 15ms (next.js: 3ms, proxy.ts: 2ms, application-code: 10ms)
 GET /login?callbackUrl=%2F 200 in 16ms (next.js: 3ms, proxy.ts: 3ms, application-code: 11ms)
 GET /login?callbackUrl=%2F 200 in 15ms (next.js: 3ms, proxy.ts: 1.7ms, application-code: 10ms)
 GET /login?callbackUrl=%2F 200 in 16ms (next.js: 3ms, proxy.ts: 2ms, application-code: 11ms)
 GET /login?callbackUrl=%2F 200 in 16ms (next.js: 3ms, proxy.ts: 2ms, application-code: 10ms)
 GET /login?callbackUrl=%2F 200 in 16ms (next.js: 3ms, proxy.ts: 2ms, application-code: 10ms)
 GET /login?callbackUrl=%2F 200 in 17ms (next.js: 4ms, proxy.ts: 2ms, application-code: 11ms)
 GET /login?callbackUrl=%2F 200 in 16ms (next.js: 4ms, proxy.ts: 3ms, application-code: 10ms)
 GET /login?callbackUrl=%2F 200 in 16ms (next.js: 5ms, proxy.ts: 1.8ms, application-code: 10ms)
 GET /login?callbackUrl=%2F 200 in 16ms (next.js: 3ms, proxy.ts: 2ms, application-code: 11ms)
 GET /login?callbackUrl=%2F 200 in 16ms (next.js: 3ms, proxy.ts: 2ms, application-code: 11ms)
 GET /login?callbackUrl=%2F 200 in 17ms (next.js: 3ms, proxy.ts: 2ms, application-code: 12ms)
 GET /login?callbackUrl=%2F 200 in 16ms (next.js: 3ms, proxy.ts: 1.9ms, application-code: 11ms)
 GET /login?callbackUrl=%2F 200 in 18ms (next.js: 4ms, proxy.ts: 2ms, application-code: 12ms)
 GET /login?callbackUrl=%2F 200 in 15ms (next.js: 3ms, proxy.ts: 2ms, application-code: 10ms)
 GET /login?callbackUrl=%2F 200 in 16ms (next.js: 3ms, proxy.ts: 2ms, application-code: 11ms)
 GET /login?callbackUrl=%2F 200 in 16ms (next.js: 5ms, proxy.ts: 2ms, application-code: 9ms)
 GET /login?callbackUrl=%2F 200 in 15ms (next.js: 3ms, proxy.ts: 2ms, application-code: 9ms)
 GET /login?callbackUrl=%2F 200 in 16ms (next.js: 3ms, proxy.ts: 3ms, application-code: 9ms)
 GET /login?callbackUrl=%2F 200 in 15ms (next.js: 3ms, proxy.ts: 1.9ms, application-code: 10ms)
 GET /login?callbackUrl=%2F 200 in 16ms (next.js: 3ms, proxy.ts: 3ms, application-code: 10ms)
 GET /login?callbackUrl=%2F 200 in 16ms (next.js: 3ms, proxy.ts: 2ms, application-code: 10ms)
 GET /login?callbackUrl=%2F 200 in 16ms (next.js: 4ms, proxy.ts: 2ms, application-code: 10ms)
 GET /login?callbackUrl=%2F 200 in 17ms (next.js: 3ms, proxy.ts: 1.9ms, application-code: 12ms)
 GET /login?callbackUrl=%2F 200 in 16ms (next.js: 3ms, proxy.ts: 2ms, application-code: 10ms)
 GET /login?callbackUrl=%2F 200 in 15ms (next.js: 3ms, proxy.ts: 2ms, application-code: 10ms)
 GET /login?callbackUrl=%2F 200 in 15ms (next.js: 3ms, proxy.ts: 1.8ms, application-code: 10ms)
 GET /login?callbackUrl=%2F 200 in 15ms (next.js: 4ms, proxy.ts: 2ms, application-code: 10ms)
 GET /login?callbackUrl=%2F 200 in 17ms (next.js: 4ms, proxy.ts: 2ms, application-code: 11ms)
 GET /login?callbackUrl=%2F 200 in 16ms (next.js: 3ms, proxy.ts: 3ms, application-code: 10ms)
 GET /login?callbackUrl=%2F 200 in 16ms (next.js: 4ms, proxy.ts: 1.9ms, application-code: 10ms)
 GET /login?callbackUrl=%2F 200 in 15ms (next.js: 3ms, proxy.ts: 2ms, application-code: 10ms)
 GET /login?callbackUrl=%2F 200 in 18ms (next.js: 3ms, proxy.ts: 2ms, application-code: 13ms)
 GET /login?callbackUrl=%2F 200 in 16ms (next.js: 3ms, proxy.ts: 2ms, application-code: 10ms)
 GET /login?callbackUrl=%2F 200 in 15ms (next.js: 3ms, proxy.ts: 2ms, application-code: 10ms)
 GET /login?callbackUrl=%2F 200 in 16ms (next.js: 3ms, proxy.ts: 3ms, application-code: 10ms)
 GET /login?callbackUrl=%2F 200 in 17ms (next.js: 3ms, proxy.ts: 3ms, application-code: 12ms)
 GET /login?callbackUrl=%2F 200 in 16ms (next.js: 3ms, proxy.ts: 2ms, application-code: 10ms)
 GET /login?callbackUrl=%2F 200 in 16ms (next.js: 4ms, proxy.ts: 2ms, application-code: 10ms)
 GET /login?callbackUrl=%2F 200 in 15ms (next.js: 3ms, proxy.ts: 2ms, application-code: 10ms)
 GET /login?callbackUrl=%2F 200 in 14ms (next.js: 3ms, proxy.ts: 2ms, application-code: 9ms)
 GET /login?callbackUrl=%2F 200 in 16ms (next.js: 4ms, proxy.ts: 2.0ms, application-code: 10ms)
 GET /login?callbackUrl=%2F 200 in 14ms (next.js: 3ms, proxy.ts: 1.9ms, application-code: 10ms)
 GET /login?callbackUrl=%2F 200 in 17ms (next.js: 3ms, proxy.ts: 1.9ms, application-code: 11ms)
 GET /login?callbackUrl=%2F 200 in 15ms (next.js: 3ms, proxy.ts: 2.0ms, application-code: 10ms)
 GET /login?callbackUrl=%2F 200 in 15ms (next.js: 3ms, proxy.ts: 2ms, application-code: 10ms)
 GET /login?callbackUrl=%2F 200 in 15ms (next.js: 3ms, proxy.ts: 1.7ms, application-code: 10ms)
 GET /login?callbackUrl=%2F 200 in 17ms (next.js: 4ms, proxy.ts: 3ms, application-code: 11ms)
 GET /login?callbackUrl=%2F 200 in 16ms (next.js: 4ms, proxy.ts: 2ms, application-code: 10ms)
 GET /login?callbackUrl=%2F 200 in 16ms (next.js: 3ms, proxy.ts: 2ms, application-code: 10ms)
 GET /login?callbackUrl=%2F 200 in 17ms (next.js: 3ms, proxy.ts: 3ms, application-code: 11ms)
 GET /login?callbackUrl=%2F 200 in 17ms (next.js: 3ms, proxy.ts: 2ms, application-code: 11ms)
 GET /login?callbackUrl=%2F 200 in 15ms (next.js: 3ms, proxy.ts: 2ms, application-code: 10ms)
 GET /login?callbackUrl=%2F 200 in 17ms (next.js: 3ms, proxy.ts: 3ms, application-code: 11ms)
 GET /login?callbackUrl=%2F 200 in 20ms (next.js: 4ms, proxy.ts: 3ms, application-code: 13ms)
 GET /login?callbackUrl=%2F 200 in 17ms (next.js: 3ms, proxy.ts: 2.0ms, application-code: 12ms)
 GET /login?callbackUrl=%2F 200 in 16ms (next.js: 4ms, proxy.ts: 2ms, application-code: 9ms)
 GET /login?callbackUrl=%2F 200 in 15ms (next.js: 3ms, proxy.ts: 1.9ms, application-code: 10ms)
 GET /login?callbackUrl=%2F 200 in 16ms (next.js: 3ms, proxy.ts: 3ms, application-code: 9ms)
 GET /login?callbackUrl=%2F 200 in 16ms (next.js: 3ms, proxy.ts: 2ms, application-code: 10ms)
 GET /login?callbackUrl=%2F 200 in 16ms (next.js: 4ms, proxy.ts: 3ms, application-code: 10ms)
 GET /login?callbackUrl=%2F 200 in 15ms (next.js: 3ms, proxy.ts: 2ms, application-code: 10ms)
 GET /login?callbackUrl=%2F 200 in 16ms (next.js: 3ms, proxy.ts: 2ms, application-code: 10ms)
 GET /login?callbackUrl=%2F 200 in 18ms (next.js: 4ms, proxy.ts: 1.8ms, application-code: 12ms)
 GET /login?callbackUrl=%2F 200 in 17ms (next.js: 4ms, proxy.ts: 3ms, application-code: 10ms)
 GET /login?callbackUrl=%2F 200 in 15ms (next.js: 3ms, proxy.ts: 3ms, application-code: 10ms)
 GET /login?callbackUrl=%2F 200 in 16ms (next.js: 4ms, proxy.ts: 2ms, application-code: 10ms)
 GET /login?callbackUrl=%2F 200 in 17ms (next.js: 3ms, proxy.ts: 2ms, application-code: 11ms)
 GET /login?callbackUrl=%2F 200 in 19ms (next.js: 4ms, proxy.ts: 2ms, application-code: 13ms)
 GET /login?callbackUrl=%2F 200 in 14ms (next.js: 3ms, proxy.ts: 2ms, application-code: 9ms)
 GET /login?callbackUrl=%2F 200 in 16ms (next.js: 3ms, proxy.ts: 2.0ms, application-code: 10ms)
 GET /login?callbackUrl=%2F 200 in 15ms (next.js: 3ms, proxy.ts: 1.8ms, application-code: 9ms)
 GET /login?callbackUrl=%2F 200 in 17ms (next.js: 3ms, proxy.ts: 2ms, application-code: 12ms)
 GET /login?callbackUrl=%2F 200 in 15ms (next.js: 3ms, proxy.ts: 2ms, application-code: 10ms)
 GET /login?callbackUrl=%2F 200 in 15ms (next.js: 3ms, proxy.ts: 2ms, application-code: 10ms)
 GET /login?callbackUrl=%2F 200 in 17ms (next.js: 4ms, proxy.ts: 1.8ms, application-code: 11ms)
 GET /login?callbackUrl=%2F 200 in 17ms (next.js: 3ms, proxy.ts: 2ms, application-code: 11ms)
 GET /login?callbackUrl=%2F 200 in 15ms (next.js: 3ms, proxy.ts: 2ms, application-code: 9ms)
 GET /login?callbackUrl=%2F 200 in 17ms (next.js: 3ms, proxy.ts: 3ms, application-code: 11ms)
 GET /login?callbackUrl=%2F 200 in 16ms (next.js: 3ms, proxy.ts: 2ms, application-code: 10ms)
 GET /login?callbackUrl=%2F 200 in 18ms (next.js: 4ms, proxy.ts: 2ms, application-code: 11ms)
 GET /login?callbackUrl=%2F 200 in 16ms (next.js: 3ms, proxy.ts: 3ms, application-code: 10ms)
 GET /login?callbackUrl=%2F 200 in 15ms (next.js: 3ms, proxy.ts: 1.8ms, application-code: 10ms)
 GET /login?callbackUrl=%2F 200 in 18ms (next.js: 4ms, proxy.ts: 2ms, application-code: 12ms)
 GET /login?callbackUrl=%2F 200 in 15ms (next.js: 3ms, proxy.ts: 2ms, application-code: 10ms)
 GET /login?callbackUrl=%2F 200 in 15ms (next.js: 3ms, proxy.ts: 2ms, application-code: 10ms)
 GET /login?callbackUrl=%2F 200 in 16ms (next.js: 3ms, proxy.ts: 2ms, application-code: 10ms)
 GET /login?callbackUrl=%2F 200 in 16ms (next.js: 3ms, proxy.ts: 2ms, application-code: 11ms)
 GET /login?callbackUrl=%2F 200 in 16ms (next.js: 4ms, proxy.ts: 1.9ms, application-code: 10ms)
 GET /login?callbackUrl=%2F 200 in 16ms (next.js: 3ms, proxy.ts: 1.9ms, application-code: 11ms)
 GET /login?callbackUrl=%2F 200 in 18ms (next.js: 4ms, proxy.ts: 3ms, application-code: 12ms)
 GET /login?callbackUrl=%2F 200 in 17ms (next.js: 4ms, proxy.ts: 2ms, application-code: 12ms)
 GET /login?callbackUrl=%2F 200 in 18ms (next.js: 3ms, proxy.ts: 3ms, application-code: 12ms)
 GET /login?callbackUrl=%2F 200 in 16ms (next.js: 3ms, proxy.ts: 2.0ms, application-code: 11ms)
 GET /login?callbackUrl=%2F 200 in 16ms (next.js: 3ms, proxy.ts: 2ms, application-code: 10ms)
 GET /login?callbackUrl=%2F 200 in 15ms (next.js: 3ms, proxy.ts: 2ms, application-code: 10ms)
 GET /login?callbackUrl=%2F 200 in 16ms (next.js: 4ms, proxy.ts: 2ms, application-code: 10ms)
 GET /login?callbackUrl=%2F 200 in 16ms (next.js: 3ms, proxy.ts: 2ms, application-code: 10ms)
 GET /login?callbackUrl=%2F 200 in 16ms (next.js: 3ms, proxy.ts: 3ms, application-code: 9ms)
 GET /login?callbackUrl=%2F 200 in 17ms (next.js: 4ms, proxy.ts: 2ms, application-code: 11ms)
 GET /login?callbackUrl=%2F 200 in 18ms (next.js: 3ms, proxy.ts: 4ms, application-code: 11ms)
 GET /login?callbackUrl=%2F 200 in 16ms (next.js: 4ms, proxy.ts: 2ms, application-code: 10ms)
 GET /login?callbackUrl=%2F 200 in 15ms (next.js: 3ms, proxy.ts: 2ms, application-code: 10ms)
 GET /login?callbackUrl=%2F 200 in 15ms (next.js: 3ms, proxy.ts: 2ms, application-code: 10ms)
 GET /login?callbackUrl=%2F 200 in 16ms (next.js: 3ms, proxy.ts: 2ms, application-code: 10ms)
 GET /login?callbackUrl=%2F 200 in 15ms (next.js: 4ms, proxy.ts: 2.0ms, application-code: 10ms)
 GET /login?callbackUrl=%2F 200 in 15ms (next.js: 4ms, proxy.ts: 1.7ms, application-code: 9ms)
 GET /login?callbackUrl=%2F 200 in 15ms (next.js: 3ms, proxy.ts: 2ms, application-code: 10ms)
 GET /login?callbackUrl=%2F 200 in 17ms (next.js: 4ms, proxy.ts: 2ms, application-code: 11ms)
 GET /login?callbackUrl=%2F 200 in 17ms (next.js: 4ms, proxy.ts: 3ms, application-code: 11ms)
 GET /login?callbackUrl=%2F 200 in 15ms (next.js: 3ms, proxy.ts: 2ms, application-code: 10ms)
 GET /login?callbackUrl=%2F 200 in 16ms (next.js: 4ms, proxy.ts: 2ms, application-code: 10ms)
 GET /login?callbackUrl=%2F 200 in 18ms (next.js: 3ms, proxy.ts: 2ms, application-code: 12ms)
 GET /login?callbackUrl=%2F 200 in 15ms (next.js: 3ms, proxy.ts: 2ms, application-code: 9ms)
 GET /login?callbackUrl=%2F 200 in 15ms (next.js: 4ms, proxy.ts: 2.0ms, application-code: 10ms)
 GET /login?callbackUrl=%2F 200 in 16ms (next.js: 3ms, proxy.ts: 2ms, application-code: 11ms)
 GET /login?callbackUrl=%2F 200 in 19ms (next.js: 3ms, proxy.ts: 3ms, application-code: 14ms)
 GET /login?callbackUrl=%2F 200 in 18ms (next.js: 4ms, proxy.ts: 2ms, application-code: 12ms)
 GET /login?callbackUrl=%2F 200 in 17ms (next.js: 3ms, proxy.ts: 2.0ms, application-code: 11ms)
 GET /login?callbackUrl=%2F 200 in 18ms (next.js: 3ms, proxy.ts: 3ms, application-code: 13ms)
 GET /login?callbackUrl=%2F 200 in 23ms (next.js: 5ms, proxy.ts: 3ms, application-code: 15ms)
 GET /login?callbackUrl=%2F 200 in 18ms (next.js: 4ms, proxy.ts: 3ms, application-code: 12ms)
 GET /login?callbackUrl=%2F 200 in 18ms (next.js: 4ms, proxy.ts: 1.7ms, application-code: 12ms)
 GET /login?callbackUrl=%2F 200 in 16ms (next.js: 3ms, proxy.ts: 3ms, application-code: 10ms)
 GET /login?callbackUrl=%2F 200 in 16ms (next.js: 3ms, proxy.ts: 1.8ms, application-code: 11ms)
 GET /login?callbackUrl=%2F 200 in 15ms (next.js: 3ms, proxy.ts: 2ms, application-code: 10ms)
 GET /login?callbackUrl=%2F 200 in 15ms (next.js: 3ms, proxy.ts: 2ms, application-code: 10ms)
 GET /login?callbackUrl=%2F 200 in 20ms (next.js: 4ms, proxy.ts: 2ms, application-code: 14ms)
 GET /login?callbackUrl=%2F 200 in 19ms (next.js: 5ms, proxy.ts: 2ms, application-code: 12ms)
 GET /login?callbackUrl=%2F 200 in 16ms (next.js: 4ms, proxy.ts: 2ms, application-code: 10ms)
 GET /login?callbackUrl=%2F 200 in 18ms (next.js: 4ms, proxy.ts: 1.8ms, application-code: 13ms)
 GET /login?callbackUrl=%2F 200 in 18ms (next.js: 4ms, proxy.ts: 2ms, application-code: 12ms)
 GET /login?callbackUrl=%2F 200 in 17ms (next.js: 3ms, proxy.ts: 2ms, application-code: 11ms)
 GET /login?callbackUrl=%2F 200 in 17ms (next.js: 4ms, proxy.ts: 2ms, application-code: 11ms)
 GET /login?callbackUrl=%2F 200 in 17ms (next.js: 4ms, proxy.ts: 2ms, application-code: 11ms)
 GET /login?callbackUrl=%2F 200 in 17ms (next.js: 4ms, proxy.ts: 3ms, application-code: 10ms)
 GET /login?callbackUrl=%2F 200 in 16ms (next.js: 3ms, proxy.ts: 2ms, application-code: 10ms)
 GET /login?callbackUrl=%2F 200 in 17ms (next.js: 4ms, proxy.ts: 1.8ms, application-code: 11ms)
 GET /login?callbackUrl=%2F 200 in 18ms (next.js: 3ms, proxy.ts: 1.7ms, application-code: 14ms)
 GET /login?callbackUrl=%2F 200 in 16ms (next.js: 3ms, proxy.ts: 4ms, application-code: 9ms)
 GET /login?callbackUrl=%2F 200 in 15ms (next.js: 3ms, proxy.ts: 2ms, application-code: 10ms)
 GET /login?callbackUrl=%2F 200 in 16ms (next.js: 3ms, proxy.ts: 3ms, application-code: 10ms)
 GET /login?callbackUrl=%2F 200 in 16ms (next.js: 3ms, proxy.ts: 2ms, application-code: 11ms)
 GET /login?callbackUrl=%2F 200 in 16ms (next.js: 3ms, proxy.ts: 3ms, application-code: 10ms)
 GET /login?callbackUrl=%2F 200 in 16ms (next.js: 3ms, proxy.ts: 1.7ms, application-code: 11ms)
 GET /login?callbackUrl=%2F 200 in 20ms (next.js: 4ms, proxy.ts: 2ms, application-code: 13ms)
 GET /login?callbackUrl=%2F 200 in 17ms (next.js: 3ms, proxy.ts: 3ms, application-code: 11ms)
 GET /login?callbackUrl=%2F 200 in 16ms (next.js: 3ms, proxy.ts: 2ms, application-code: 10ms)
 GET /login?callbackUrl=%2F 200 in 17ms (next.js: 3ms, proxy.ts: 2ms, application-code: 11ms)
 GET /login?callbackUrl=%2F 200 in 18ms (next.js: 4ms, proxy.ts: 2ms, application-code: 11ms)
 GET /login?callbackUrl=%2F 200 in 17ms (next.js: 3ms, proxy.ts: 2ms, application-code: 12ms)
 GET /login?callbackUrl=%2F 200 in 16ms (next.js: 3ms, proxy.ts: 1.8ms, application-code: 11ms)
 GET /login?callbackUrl=%2F 200 in 16ms (next.js: 3ms, proxy.ts: 1.8ms, application-code: 11ms)
 GET /login?callbackUrl=%2F 200 in 15ms (next.js: 3ms, proxy.ts: 1.9ms, application-code: 11ms)
 GET /login?callbackUrl=%2F 200 in 17ms (next.js: 3ms, proxy.ts: 1.8ms, application-code: 12ms)
 GET /login?callbackUrl=%2F 200 in 15ms (next.js: 3ms, proxy.ts: 2ms, application-code: 10ms)
 GET /login?callbackUrl=%2F 200 in 15ms (next.js: 3ms, proxy.ts: 1.7ms, application-code: 11ms)
 GET /login?callbackUrl=%2F 200 in 20ms (next.js: 3ms, proxy.ts: 3ms, application-code: 14ms)
 GET /login?callbackUrl=%2F 200 in 17ms (next.js: 3ms, proxy.ts: 2ms, application-code: 12ms)
 GET /login?callbackUrl=%2F 200 in 16ms (next.js: 3ms, proxy.ts: 3ms, application-code: 10ms)
 GET /login?callbackUrl=%2F 200 in 16ms (next.js: 3ms, proxy.ts: 3ms, application-code: 11ms)
 GET /login?callbackUrl=%2F 200 in 19ms (next.js: 3ms, proxy.ts: 2ms, application-code: 13ms)
 GET /login?callbackUrl=%2F 200 in 19ms (next.js: 3ms, proxy.ts: 1.9ms, application-code: 14ms)
 GET /login?callbackUrl=%2F 200 in 17ms (next.js: 3ms, proxy.ts: 2ms, application-code: 11ms)
 GET /login?callbackUrl=%2F 200 in 15ms (next.js: 3ms, proxy.ts: 2ms, application-code: 10ms)
 GET /login?callbackUrl=%2F 200 in 15ms (next.js: 4ms, proxy.ts: 1.8ms, application-code: 10ms)
 GET /login?callbackUrl=%2F 200 in 18ms (next.js: 4ms, proxy.ts: 3ms, application-code: 12ms)
 GET /login?callbackUrl=%2F 200 in 15ms (next.js: 3ms, proxy.ts: 1.8ms, application-code: 10ms)
 GET /login?callbackUrl=%2F 200 in 19ms (next.js: 3ms, proxy.ts: 3ms, application-code: 13ms)
 GET /login?callbackUrl=%2F 200 in 17ms (next.js: 3ms, proxy.ts: 3ms, application-code: 11ms)
 GET /login?callbackUrl=%2F 200 in 17ms (next.js: 3ms, proxy.ts: 2ms, application-code: 11ms)
 GET /login?callbackUrl=%2F 200 in 16ms (next.js: 3ms, proxy.ts: 2ms, application-code: 11ms)
 GET /login?callbackUrl=%2F 200 in 18ms (next.js: 6ms, proxy.ts: 1.9ms, application-code: 10ms)
 GET /login?callbackUrl=%2F 200 in 16ms (next.js: 3ms, proxy.ts: 2ms, application-code: 11ms)
 GET /login?callbackUrl=%2F 200 in 16ms (next.js: 4ms, proxy.ts: 2ms, application-code: 10ms)
 GET /login?callbackUrl=%2F 200 in 15ms (next.js: 3ms, proxy.ts: 1.8ms, application-code: 10ms)
 GET /login?callbackUrl=%2F 200 in 16ms (next.js: 3ms, proxy.ts: 2ms, application-code: 11ms)
 GET /login?callbackUrl=%2F 200 in 16ms (next.js: 3ms, proxy.ts: 2ms, application-code: 10ms)
 GET /login?callbackUrl=%2F 200 in 16ms (next.js: 4ms, proxy.ts: 2ms, application-code: 10ms)
 GET /login?callbackUrl=%2F 200 in 17ms (next.js: 4ms, proxy.ts: 2ms, application-code: 11ms)
 GET /login?callbackUrl=%2F 200 in 16ms (next.js: 5ms, proxy.ts: 2ms, application-code: 10ms)
 GET /login?callbackUrl=%2F 200 in 17ms (next.js: 3ms, proxy.ts: 2ms, application-code: 12ms)
 GET /login?callbackUrl=%2F 200 in 16ms (next.js: 3ms, proxy.ts: 1.9ms, application-code: 11ms)
 GET /login?callbackUrl=%2F 200 in 17ms (next.js: 4ms, proxy.ts: 2ms, application-code: 11ms)
 GET /login?callbackUrl=%2F 200 in 16ms (next.js: 3ms, proxy.ts: 2ms, application-code: 11ms)
 GET /login?callbackUrl=%2F 200 in 17ms (next.js: 3ms, proxy.ts: 3ms, application-code: 11ms)
 GET /login?callbackUrl=%2F 200 in 16ms (next.js: 3ms, proxy.ts: 3ms, application-code: 10ms)
 GET /login?callbackUrl=%2F 200 in 15ms (next.js: 3ms, proxy.ts: 2ms, application-code: 10ms)
 GET /login?callbackUrl=%2F 200 in 15ms (next.js: 4ms, proxy.ts: 1.8ms, application-code: 9ms)
 GET /login?callbackUrl=%2F 200 in 16ms (next.js: 3ms, proxy.ts: 2ms, application-code: 11ms)
 GET /login?callbackUrl=%2F 200 in 16ms (next.js: 4ms, proxy.ts: 3ms, application-code: 9ms)
 GET /login?callbackUrl=%2F 200 in 15ms (next.js: 3ms, proxy.ts: 1.8ms, application-code: 10ms)
 GET /login?callbackUrl=%2F 200 in 16ms (next.js: 3ms, proxy.ts: 1.9ms, application-code: 11ms)
 GET /login?callbackUrl=%2F 200 in 15ms (next.js: 3ms, proxy.ts: 2ms, application-code: 10ms)
 GET /login?callbackUrl=%2F 200 in 16ms (next.js: 3ms, proxy.ts: 3ms, application-code: 10ms)
 GET /login?callbackUrl=%2F 200 in 19ms (next.js: 3ms, proxy.ts: 1.9ms, application-code: 14ms)
 GET /login?callbackUrl=%2F 200 in 18ms (next.js: 4ms, proxy.ts: 3ms, application-code: 11ms)
 GET /login?callbackUrl=%2F 200 in 16ms (next.js: 4ms, proxy.ts: 2ms, application-code: 9ms)
 GET /login?callbackUrl=%2F 200 in 16ms (next.js: 3ms, proxy.ts: 2ms, application-code: 10ms)
 GET /login?callbackUrl=%2F 200 in 16ms (next.js: 3ms, proxy.ts: 2ms, application-code: 11ms)
 GET /login?callbackUrl=%2F 200 in 17ms (next.js: 4ms, proxy.ts: 1.9ms, application-code: 12ms)
 GET /login?callbackUrl=%2F 200 in 15ms (next.js: 3ms, proxy.ts: 2ms, application-code: 9ms)
 GET /login?callbackUrl=%2F 200 in 15ms (next.js: 3ms, proxy.ts: 1.7ms, application-code: 10ms)
 GET /login?callbackUrl=%2F 200 in 15ms (next.js: 3ms, proxy.ts: 2.0ms, application-code: 10ms)
 GET /login?callbackUrl=%2F 200 in 17ms (next.js: 3ms, proxy.ts: 2ms, application-code: 12ms)
 GET /login?callbackUrl=%2F 200 in 14ms (next.js: 3ms, proxy.ts: 1.8ms, application-code: 9ms)
 GET /login?callbackUrl=%2F 200 in 15ms (next.js: 3ms, proxy.ts: 2ms, application-code: 9ms)
 GET /login?callbackUrl=%2F 200 in 15ms (next.js: 3ms, proxy.ts: 2ms, application-code: 10ms)
 GET /login?callbackUrl=%2F 200 in 18ms (next.js: 3ms, proxy.ts: 2ms, application-code: 13ms)
 GET /login?callbackUrl=%2F 200 in 15ms (next.js: 3ms, proxy.ts: 2ms, application-code: 9ms)
 GET /login?callbackUrl=%2F 200 in 15ms (next.js: 3ms, proxy.ts: 2ms, application-code: 10ms)
 GET /login?callbackUrl=%2F 200 in 16ms (next.js: 3ms, proxy.ts: 2ms, application-code: 10ms)
 GET /login?callbackUrl=%2F 200 in 17ms (next.js: 3ms, proxy.ts: 2ms, application-code: 12ms)
 GET /login?callbackUrl=%2F 200 in 16ms (next.js: 3ms, proxy.ts: 3ms, application-code: 10ms)
 GET /login?callbackUrl=%2F 200 in 15ms (next.js: 4ms, proxy.ts: 1.8ms, application-code: 9ms)
 GET /login?callbackUrl=%2F 200 in 16ms (next.js: 3ms, proxy.ts: 3ms, application-code: 10ms)
 GET /login?callbackUrl=%2F 200 in 16ms (next.js: 3ms, proxy.ts: 1.8ms, application-code: 10ms)
 GET /login?callbackUrl=%2F 200 in 15ms (next.js: 3ms, proxy.ts: 2ms, application-code: 10ms)
 GET /login?callbackUrl=%2F 200 in 16ms (next.js: 3ms, proxy.ts: 1.8ms, application-code: 11ms)
 GET /login?callbackUrl=%2F 200 in 19ms (next.js: 3ms, proxy.ts: 2ms, application-code: 13ms)
 GET /login?callbackUrl=%2F 200 in 17ms (next.js: 3ms, proxy.ts: 3ms, application-code: 11ms)
 GET /login?callbackUrl=%2F 200 in 16ms (next.js: 3ms, proxy.ts: 2ms, application-code: 11ms)
 GET /login?callbackUrl=%2F 200 in 18ms (next.js: 5ms, proxy.ts: 2ms, application-code: 11ms)
 GET /login?callbackUrl=%2F 200 in 15ms (next.js: 3ms, proxy.ts: 2ms, application-code: 10ms)
 GET /login?callbackUrl=%2F 200 in 16ms (next.js: 3ms, proxy.ts: 2ms, application-code: 11ms)
 GET /login?callbackUrl=%2F 200 in 16ms (next.js: 4ms, proxy.ts: 1.7ms, application-code: 11ms)
 GET /login?callbackUrl=%2F 200 in 16ms (next.js: 3ms, proxy.ts: 2ms, application-code: 11ms)
 GET /login?callbackUrl=%2F 200 in 16ms (next.js: 3ms, proxy.ts: 2.0ms, application-code: 11ms)
 GET /login?callbackUrl=%2F 200 in 20ms (next.js: 4ms, proxy.ts: 2ms, application-code: 14ms)
 GET /login?callbackUrl=%2F 200 in 17ms (next.js: 4ms, proxy.ts: 2ms, application-code: 11ms)
 GET /login?callbackUrl=%2F 200 in 21ms (next.js: 5ms, proxy.ts: 2ms, application-code: 14ms)
 GET /login?callbackUrl=%2F 200 in 18ms (next.js: 4ms, proxy.ts: 2ms, application-code: 12ms)
 GET /login?callbackUrl=%2F 200 in 19ms (next.js: 3ms, proxy.ts: 3ms, application-code: 13ms)
 GET /login?callbackUrl=%2F 200 in 17ms (next.js: 3ms, proxy.ts: 1.6ms, application-code: 12ms)
 GET /login?callbackUrl=%2F 200 in 17ms (next.js: 4ms, proxy.ts: 2ms, application-code: 11ms)
 GET /login?callbackUrl=%2F 200 in 19ms (next.js: 4ms, proxy.ts: 2ms, application-code: 13ms)
 GET /login?callbackUrl=%2F 200 in 19ms (next.js: 4ms, proxy.ts: 2ms, application-code: 13ms)
 GET /login?callbackUrl=%2F 200 in 15ms (next.js: 4ms, proxy.ts: 2ms, application-code: 10ms)
 GET /login?callbackUrl=%2F 200 in 18ms (next.js: 5ms, proxy.ts: 3ms, application-code: 10ms)
 GET /login?callbackUrl=%2F 200 in 15ms (next.js: 3ms, proxy.ts: 2ms, application-code: 10ms)
 GET /login?callbackUrl=%2F 200 in 17ms (next.js: 3ms, proxy.ts: 4ms, application-code: 10ms)
 GET /login?callbackUrl=%2F 200 in 15ms (next.js: 3ms, proxy.ts: 1.6ms, application-code: 10ms)
 GET /login?callbackUrl=%2F 200 in 16ms (next.js: 3ms, proxy.ts: 3ms, application-code: 9ms)
 GET /login?callbackUrl=%2F 200 in 16ms (next.js: 4ms, proxy.ts: 2ms, application-code: 10ms)
 GET /login?callbackUrl=%2F 200 in 16ms (next.js: 3ms, proxy.ts: 1.8ms, application-code: 11ms)
 GET /login?callbackUrl=%2F 200 in 16ms (next.js: 3ms, proxy.ts: 1.7ms, application-code: 11ms)
 GET /login?callbackUrl=%2F 200 in 17ms (next.js: 4ms, proxy.ts: 2ms, application-code: 11ms)
 GET /login?callbackUrl=%2F 200 in 17ms (next.js: 4ms, proxy.ts: 1.9ms, application-code: 12ms)
 GET /login?callbackUrl=%2F 200 in 17ms (next.js: 3ms, proxy.ts: 2ms, application-code: 12ms)
 GET /login?callbackUrl=%2F 200 in 19ms (next.js: 3ms, proxy.ts: 3ms, application-code: 13ms)
 GET /login?callbackUrl=%2F 200 in 20ms (next.js: 5ms, proxy.ts: 2ms, application-code: 13ms)
 GET /login?callbackUrl=%2F 200 in 15ms (next.js: 3ms, proxy.ts: 3ms, application-code: 10ms)
 GET /login?callbackUrl=%2F 200 in 17ms (next.js: 3ms, proxy.ts: 2.0ms, application-code: 11ms)
 GET /login?callbackUrl=%2F 200 in 16ms (next.js: 3ms, proxy.ts: 1.8ms, application-code: 11ms)
 GET /login?callbackUrl=%2F 200 in 19ms (next.js: 4ms, proxy.ts: 2ms, application-code: 13ms)
 GET /login?callbackUrl=%2F 200 in 16ms (next.js: 3ms, proxy.ts: 2ms, application-code: 10ms)
 GET /login?callbackUrl=%2F 200 in 15ms (next.js: 3ms, proxy.ts: 1.8ms, application-code: 10ms)
 GET /login?callbackUrl=%2F 200 in 15ms (next.js: 3ms, proxy.ts: 1.9ms, application-code: 11ms)
 GET /login?callbackUrl=%2F 200 in 18ms (next.js: 3ms, proxy.ts: 2ms, application-code: 12ms)
 GET /login?callbackUrl=%2F 200 in 15ms (next.js: 3ms, proxy.ts: 2ms, application-code: 10ms)
 GET /login?callbackUrl=%2F 200 in 15ms (next.js: 3ms, proxy.ts: 1.8ms, application-code: 10ms)
 GET /login?callbackUrl=%2F 200 in 15ms (next.js: 3ms, proxy.ts: 1.7ms, application-code: 10ms)
 GET /login?callbackUrl=%2F 200 in 17ms (next.js: 3ms, proxy.ts: 1.6ms, application-code: 12ms)
 GET /login?callbackUrl=%2F 200 in 16ms (next.js: 3ms, proxy.ts: 3ms, application-code: 10ms)
 GET /login?callbackUrl=%2F 200 in 15ms (next.js: 3ms, proxy.ts: 2ms, application-code: 9ms)
 GET /login?callbackUrl=%2F 200 in 18ms (next.js: 4ms, proxy.ts: 2ms, application-code: 13ms)
 GET /login?callbackUrl=%2F 200 in 15ms (next.js: 3ms, proxy.ts: 1.8ms, application-code: 10ms)
 GET /login?callbackUrl=%2F 200 in 14ms (next.js: 3ms, proxy.ts: 1.6ms, application-code: 9ms)
 GET /login?callbackUrl=%2F 200 in 16ms (next.js: 3ms, proxy.ts: 1.8ms, application-code: 10ms)
 GET /login?callbackUrl=%2F 200 in 19ms (next.js: 3ms, proxy.ts: 3ms, application-code: 13ms)
 GET /login?callbackUrl=%2F 200 in 16ms (next.js: 3ms, proxy.ts: 2.0ms, application-code: 11ms)
 GET /login?callbackUrl=%2F 200 in 15ms (next.js: 3ms, proxy.ts: 1.7ms, application-code: 10ms)
 GET /login?callbackUrl=%2F 200 in 18ms (next.js: 6ms, proxy.ts: 2ms, application-code: 10ms)
 GET /login?callbackUrl=%2F 200 in 15ms (next.js: 3ms, proxy.ts: 2ms, application-code: 10ms)
 GET /login?callbackUrl=%2F 200 in 17ms (next.js: 4ms, proxy.ts: 2ms, application-code: 10ms)
 GET /login?callbackUrl=%2F 200 in 16ms (next.js: 3ms, proxy.ts: 1.7ms, application-code: 11ms)
 GET /login?callbackUrl=%2F 200 in 16ms (next.js: 3ms, proxy.ts: 2ms, application-code: 10ms)
 GET /login?callbackUrl=%2F 200 in 16ms (next.js: 4ms, proxy.ts: 2ms, application-code: 11ms)
 GET /login?callbackUrl=%2F 200 in 17ms (next.js: 4ms, proxy.ts: 2.0ms, application-code: 11ms)
 GET /login?callbackUrl=%2F 200 in 16ms (next.js: 4ms, proxy.ts: 2ms, application-code: 10ms)
 GET /login?callbackUrl=%2F 200 in 16ms (next.js: 4ms, proxy.ts: 1.8ms, application-code: 10ms)
 GET /login?callbackUrl=%2F 200 in 16ms (next.js: 4ms, proxy.ts: 2.0ms, application-code: 11ms)
 GET /login?callbackUrl=%2F 200 in 16ms (next.js: 3ms, proxy.ts: 2ms, application-code: 10ms)
 GET /login?callbackUrl=%2F 200 in 16ms (next.js: 3ms, proxy.ts: 2ms, application-code: 12ms)
 GET /login?callbackUrl=%2F 200 in 16ms (next.js: 4ms, proxy.ts: 2.0ms, application-code: 10ms)
 GET /login?callbackUrl=%2F 200 in 17ms (next.js: 3ms, proxy.ts: 2.0ms, application-code: 11ms)
 GET /login?callbackUrl=%2F 200 in 15ms (next.js: 3ms, proxy.ts: 2ms, application-code: 10ms)
 GET /login?callbackUrl=%2F 200 in 16ms (next.js: 3ms, proxy.ts: 2ms, application-code: 11ms)
 GET /login?callbackUrl=%2F 200 in 15ms (next.js: 3ms, proxy.ts: 2ms, application-code: 10ms)
 GET /login?callbackUrl=%2F 200 in 15ms (next.js: 4ms, proxy.ts: 2ms, application-code: 10ms)
 GET /login?callbackUrl=%2F 200 in 16ms (next.js: 4ms, proxy.ts: 1.9ms, application-code: 10ms)
 GET /login?callbackUrl=%2F 200 in 14ms (next.js: 3ms, proxy.ts: 1.8ms, application-code: 9ms)
 GET /login?callbackUrl=%2F 200 in 16ms (next.js: 3ms, proxy.ts: 4ms, application-code: 9ms)
 GET /login?callbackUrl=%2F 200 in 15ms (next.js: 3ms, proxy.ts: 2.0ms, application-code: 10ms)
 GET /login?callbackUrl=%2F 200 in 16ms (next.js: 3ms, proxy.ts: 3ms, application-code: 9ms)
 GET /login?callbackUrl=%2F 200 in 15ms (next.js: 3ms, proxy.ts: 1.9ms, application-code: 9ms)
 GET /login?callbackUrl=%2F 200 in 15ms (next.js: 3ms, proxy.ts: 2ms, application-code: 10ms)
 GET /login?callbackUrl=%2F 200 in 15ms (next.js: 3ms, proxy.ts: 2ms, application-code: 10ms)
 GET /login?callbackUrl=%2F 200 in 17ms (next.js: 3ms, proxy.ts: 1.8ms, application-code: 12ms)
 GET /login?callbackUrl=%2F 200 in 17ms (next.js: 3ms, proxy.ts: 1.8ms, application-code: 11ms)
 GET /login?callbackUrl=%2F 200 in 18ms (next.js: 4ms, proxy.ts: 2ms, application-code: 11ms)
 GET /login?callbackUrl=%2F 200 in 16ms (next.js: 3ms, proxy.ts: 2ms, application-code: 10ms)
 GET /login?callbackUrl=%2F 200 in 18ms (next.js: 4ms, proxy.ts: 2ms, application-code: 12ms)
 GET /login?callbackUrl=%2F 200 in 18ms (next.js: 4ms, proxy.ts: 1.8ms, application-code: 12ms)
 GET /login?callbackUrl=%2F 200 in 16ms (next.js: 3ms, proxy.ts: 2ms, application-code: 11ms)
 GET /login?callbackUrl=%2F 200 in 15ms (next.js: 3ms, proxy.ts: 1.9ms, application-code: 10ms)
 GET /login?callbackUrl=%2F 200 in 16ms (next.js: 4ms, proxy.ts: 1.9ms, application-code: 10ms)
 GET /login?callbackUrl=%2F 200 in 19ms (next.js: 3ms, proxy.ts: 2ms, application-code: 13ms)
 GET /login?callbackUrl=%2F 200 in 15ms (next.js: 3ms, proxy.ts: 2ms, application-code: 10ms)
 GET /login?callbackUrl=%2F 200 in 17ms (next.js: 3ms, proxy.ts: 3ms, application-code: 11ms)
 GET /login?callbackUrl=%2F 200 in 17ms (next.js: 3ms, proxy.ts: 2ms, application-code: 11ms)
 GET /login?callbackUrl=%2F 200 in 18ms (next.js: 4ms, proxy.ts: 2ms, application-code: 12ms)
 GET /login?callbackUrl=%2F 200 in 15ms (next.js: 3ms, proxy.ts: 1.7ms, application-code: 10ms)
 GET /login?callbackUrl=%2F 200 in 16ms (next.js: 3ms, proxy.ts: 2ms, application-code: 10ms)
 GET /login?callbackUrl=%2F 200 in 15ms (next.js: 3ms, proxy.ts: 2.0ms, application-code: 10ms)
 GET /login?callbackUrl=%2F 200 in 17ms (next.js: 3ms, proxy.ts: 2ms, application-code: 12ms)
 GET /login?callbackUrl=%2F 200 in 16ms (next.js: 3ms, proxy.ts: 3ms, application-code: 10ms)
 GET /login?callbackUrl=%2F 200 in 15ms (next.js: 3ms, proxy.ts: 1.7ms, application-code: 10ms)
 GET /login?callbackUrl=%2F 200 in 15ms (next.js: 3ms, proxy.ts: 1.8ms, application-code: 9ms)
 GET /login?callbackUrl=%2F 200 in 18ms (next.js: 3ms, proxy.ts: 2ms, application-code: 13ms)
 GET /login?callbackUrl=%2F 200 in 15ms (next.js: 3ms, proxy.ts: 2ms, application-code: 9ms)
 GET /login?callbackUrl=%2F 200 in 14ms (next.js: 3ms, proxy.ts: 1.7ms, application-code: 9ms)
 GET /login?callbackUrl=%2F 200 in 17ms (next.js: 3ms, proxy.ts: 3ms, application-code: 11ms)
 GET /login?callbackUrl=%2F 200 in 15ms (next.js: 3ms, proxy.ts: 1.8ms, application-code: 10ms)
 GET /login?callbackUrl=%2F 200 in 16ms (next.js: 3ms, proxy.ts: 3ms, application-code: 10ms)
 GET /login?callbackUrl=%2F 200 in 18ms (next.js: 7ms, proxy.ts: 1.9ms, application-code: 10ms)
 GET /login?callbackUrl=%2F 200 in 16ms (next.js: 3ms, proxy.ts: 2ms, application-code: 11ms)
 GET /login?callbackUrl=%2F 200 in 16ms (next.js: 3ms, proxy.ts: 3ms, application-code: 11ms)
 GET /login?callbackUrl=%2F 200 in 16ms (next.js: 3ms, proxy.ts: 2ms, application-code: 10ms)
 GET /login?callbackUrl=%2F 200 in 17ms (next.js: 3ms, proxy.ts: 2ms, application-code: 11ms)
 GET /login?callbackUrl=%2F 200 in 17ms (next.js: 3ms, proxy.ts: 2ms, application-code: 11ms)
 GET /login?callbackUrl=%2F 200 in 18ms (next.js: 5ms, proxy.ts: 2ms, application-code: 11ms)
 GET /login?callbackUrl=%2F 200 in 17ms (next.js: 3ms, proxy.ts: 3ms, application-code: 11ms)
 GET /login?callbackUrl=%2F 200 in 16ms (next.js: 4ms, proxy.ts: 2.0ms, application-code: 10ms)
 GET /login?callbackUrl=%2F 200 in 18ms (next.js: 3ms, proxy.ts: 2ms, application-code: 12ms)
 GET /login?callbackUrl=%2F 200 in 22ms (next.js: 5ms, proxy.ts: 2ms, application-code: 15ms)
 GET /login?callbackUrl=%2F 200 in 18ms (next.js: 3ms, proxy.ts: 2ms, application-code: 12ms)
 GET /login?callbackUrl=%2F 200 in 16ms (next.js: 3ms, proxy.ts: 1.9ms, application-code: 11ms)
 GET /login?callbackUrl=%2F 200 in 16ms (next.js: 3ms, proxy.ts: 2ms, application-code: 11ms)
 GET /login?callbackUrl=%2F 200 in 16ms (next.js: 4ms, proxy.ts: 2ms, application-code: 10ms)
 GET /login?callbackUrl=%2F 200 in 16ms (next.js: 3ms, proxy.ts: 2ms, application-code: 11ms)
 GET /login?callbackUrl=%2F 200 in 16ms (next.js: 3ms, proxy.ts: 2ms, application-code: 11ms)
 GET /login?callbackUrl=%2F 200 in 15ms (next.js: 3ms, proxy.ts: 1.9ms, application-code: 10ms)
 GET /login?callbackUrl=%2F 200 in 17ms (next.js: 5ms, proxy.ts: 2ms, application-code: 10ms)
 GET /login?callbackUrl=%2F 200 in 14ms (next.js: 3ms, proxy.ts: 2ms, application-code: 10ms)
 GET /login?callbackUrl=%2F 200 in 16ms (next.js: 3ms, proxy.ts: 4ms, application-code: 10ms)
 GET /login?callbackUrl=%2F 200 in 15ms (next.js: 3ms, proxy.ts: 2ms, application-code: 10ms)
 GET /login?callbackUrl=%2F 200 in 16ms (next.js: 3ms, proxy.ts: 4ms, application-code: 10ms)
 GET /login?callbackUrl=%2F 200 in 15ms (next.js: 3ms, proxy.ts: 1.7ms, application-code: 10ms)
 GET /login?callbackUrl=%2F 200 in 14ms (next.js: 3ms, proxy.ts: 2ms, application-code: 9ms)
 GET /login?callbackUrl=%2F 200 in 15ms (next.js: 4ms, proxy.ts: 1.4ms, application-code: 10ms)
 GET /login?callbackUrl=%2F 200 in 17ms (next.js: 4ms, proxy.ts: 2ms, application-code: 11ms)
 GET /login?callbackUrl=%2F 200 in 15ms (next.js: 3ms, proxy.ts: 1.7ms, application-code: 10ms)
 GET /login?callbackUrl=%2F 200 in 15ms (next.js: 3ms, proxy.ts: 1.7ms, application-code: 10ms)
 GET /login?callbackUrl=%2F 200 in 15ms (next.js: 3ms, proxy.ts: 2ms, application-code: 10ms)
 GET /login?callbackUrl=%2F 200 in 16ms (next.js: 3ms, proxy.ts: 1.7ms, application-code: 11ms)
 GET /login?callbackUrl=%2F 200 in 18ms (next.js: 3ms, proxy.ts: 2ms, application-code: 12ms)
 GET /login?callbackUrl=%2F 200 in 15ms (next.js: 4ms, proxy.ts: 1.7ms, application-code: 10ms)
 GET /login?callbackUrl=%2F 200 in 16ms (next.js: 3ms, proxy.ts: 2ms, application-code: 10ms)
 GET /login?callbackUrl=%2F 200 in 17ms (next.js: 3ms, proxy.ts: 2ms, application-code: 11ms)
 GET /login?callbackUrl=%2F 200 in 18ms (next.js: 3ms, proxy.ts: 2.0ms, application-code: 13ms)
 GET /login?callbackUrl=%2F 200 in 14ms (next.js: 3ms, proxy.ts: 1.9ms, application-code: 10ms)
 GET /login?callbackUrl=%2F 200 in 16ms (next.js: 3ms, proxy.ts: 1.8ms, application-code: 11ms)
 GET /login?callbackUrl=%2F 200 in 16ms (next.js: 3ms, proxy.ts: 1.9ms, application-code: 10ms)
 GET /login?callbackUrl=%2F 200 in 17ms (next.js: 4ms, proxy.ts: 1.7ms, application-code: 12ms)
 GET /login?callbackUrl=%2F 200 in 14ms (next.js: 3ms, proxy.ts: 1.8ms, application-code: 10ms)
 GET /login?callbackUrl=%2F 200 in 15ms (next.js: 3ms, proxy.ts: 1.6ms, application-code: 10ms)
 GET /login?callbackUrl=%2F 200 in 15ms (next.js: 3ms, proxy.ts: 1.9ms, application-code: 10ms)
 GET /login?callbackUrl=%2F 200 in 17ms (next.js: 3ms, proxy.ts: 1.7ms, application-code: 12ms)
 GET /login?callbackUrl=%2F 200 in 15ms (next.js: 3ms, proxy.ts: 2.0ms, application-code: 10ms)
 GET /login?callbackUrl=%2F 200 in 15ms (next.js: 3ms, proxy.ts: 1.8ms, application-code: 10ms)
 GET /login?callbackUrl=%2F 200 in 15ms (next.js: 3ms, proxy.ts: 1.7ms, application-code: 10ms)
 GET /login?callbackUrl=%2F 200 in 17ms (next.js: 3ms, proxy.ts: 1.9ms, application-code: 12ms)
 GET /login?callbackUrl=%2F 200 in 14ms (next.js: 3ms, proxy.ts: 1.5ms, application-code: 10ms)
 GET /login?callbackUrl=%2F 200 in 15ms (next.js: 3ms, proxy.ts: 2ms, application-code: 10ms)
 GET /login?callbackUrl=%2F 200 in 15ms (next.js: 4ms, proxy.ts: 1.7ms, application-code: 10ms)
 GET /login?callbackUrl=%2F 200 in 18ms (next.js: 4ms, proxy.ts: 2ms, application-code: 12ms)
 GET /login?callbackUrl=%2F 200 in 18ms (next.js: 4ms, proxy.ts: 2ms, application-code: 12ms)
 GET /login?callbackUrl=%2F 200 in 21ms (next.js: 4ms, proxy.ts: 2ms, application-code: 15ms)
 GET /login?callbackUrl=%2F 200 in 15ms (next.js: 3ms, proxy.ts: 1.7ms, application-code: 10ms)
 GET /login?callbackUrl=%2F 200 in 17ms (next.js: 3ms, proxy.ts: 3ms, application-code: 11ms)
 GET /login?callbackUrl=%2F 200 in 19ms (next.js: 3ms, proxy.ts: 1.7ms, application-code: 14ms)
 GET /login?callbackUrl=%2F 200 in 16ms (next.js: 3ms, proxy.ts: 1.9ms, application-code: 11ms)
 GET /login?callbackUrl=%2F 200 in 19ms (next.js: 4ms, proxy.ts: 1.9ms, application-code: 13ms)
 GET /login?callbackUrl=%2F 200 in 17ms (next.js: 3ms, proxy.ts: 2ms, application-code: 11ms)
 GET /login?callbackUrl=%2F 200 in 17ms (next.js: 3ms, proxy.ts: 2ms, application-code: 11ms)
 GET /login?callbackUrl=%2F 200 in 21ms (next.js: 5ms, proxy.ts: 2ms, application-code: 13ms)
 GET /login?callbackUrl=%2F 200 in 19ms (next.js: 3ms, proxy.ts: 2ms, application-code: 14ms)
 GET /login?callbackUrl=%2F 200 in 17ms (next.js: 4ms, proxy.ts: 1.9ms, application-code: 12ms)
 GET /login?callbackUrl=%2F 200 in 17ms (next.js: 3ms, proxy.ts: 1.8ms, application-code: 12ms)
 GET /login?callbackUrl=%2F 200 in 15ms (next.js: 3ms, proxy.ts: 1.7ms, application-code: 10ms)
 GET /login?callbackUrl=%2F 200 in 15ms (next.js: 3ms, proxy.ts: 1.8ms, application-code: 10ms)
 GET /login?callbackUrl=%2F 200 in 15ms (next.js: 3ms, proxy.ts: 1.6ms, application-code: 10ms)
 GET /login?callbackUrl=%2F 200 in 14ms (next.js: 3ms, proxy.ts: 1.9ms, application-code: 9ms)
 GET /login?callbackUrl=%2F 200 in 14ms (next.js: 3ms, proxy.ts: 2.0ms, application-code: 9ms)
 GET /login?callbackUrl=%2F 200 in 14ms (next.js: 3ms, proxy.ts: 1.8ms, application-code: 9ms)
 GET /login?callbackUrl=%2F 200 in 17ms (next.js: 3ms, proxy.ts: 2ms, application-code: 11ms)
 GET /login?callbackUrl=%2F 200 in 14ms (next.js: 3ms, proxy.ts: 1.7ms, application-code: 10ms)
 GET /login?callbackUrl=%2F 200 in 16ms (next.js: 4ms, proxy.ts: 2ms, application-code: 10ms)
 GET /login?callbackUrl=%2F 200 in 14ms (next.js: 3ms, proxy.ts: 1.9ms, application-code: 10ms)
 GET /login?callbackUrl=%2F 200 in 15ms (next.js: 3ms, proxy.ts: 3ms, application-code: 9ms)
 GET /login?callbackUrl=%2F 200 in 14ms (next.js: 3ms, proxy.ts: 1.7ms, application-code: 9ms)
 GET /login?callbackUrl=%2F 200 in 16ms (next.js: 3ms, proxy.ts: 4ms, application-code: 9ms)
 GET /login?callbackUrl=%2F 200 in 16ms (next.js: 3ms, proxy.ts: 1.7ms, application-code: 11ms)
 GET /login?callbackUrl=%2F 200 in 15ms (next.js: 3ms, proxy.ts: 1.9ms, application-code: 10ms)
 GET /login?callbackUrl=%2F 200 in 15ms (next.js: 3ms, proxy.ts: 1.8ms, application-code: 10ms)
 GET /login?callbackUrl=%2F 200 in 18ms (next.js: 3ms, proxy.ts: 1.9ms, application-code: 12ms)
 GET /login?callbackUrl=%2F 200 in 16ms (next.js: 3ms, proxy.ts: 1.8ms, application-code: 10ms)
 GET /login?callbackUrl=%2F 200 in 15ms (next.js: 3ms, proxy.ts: 1.8ms, application-code: 10ms)
 GET /login?callbackUrl=%2F 200 in 15ms (next.js: 3ms, proxy.ts: 1.9ms, application-code: 10ms)
 GET /login?callbackUrl=%2F 200 in 15ms (next.js: 3ms, proxy.ts: 1.9ms, application-code: 10ms)
 GET /login?callbackUrl=%2F 200 in 15ms (next.js: 3ms, proxy.ts: 1.9ms, application-code: 10ms)
 GET /login?callbackUrl=%2F 200 in 15ms (next.js: 3ms, proxy.ts: 1.7ms, application-code: 10ms)
 GET /login?callbackUrl=%2F 200 in 15ms (next.js: 3ms, proxy.ts: 2ms, application-code: 10ms)
 GET /login?callbackUrl=%2F 200 in 15ms (next.js: 3ms, proxy.ts: 1.7ms, application-code: 10ms)
 GET /login?callbackUrl=%2F 200 in 17ms (next.js: 3ms, proxy.ts: 2ms, application-code: 12ms)
 GET /login?callbackUrl=%2F 200 in 15ms (next.js: 3ms, proxy.ts: 2ms, application-code: 9ms)
 GET /login?callbackUrl=%2F 200 in 14ms (next.js: 3ms, proxy.ts: 1.8ms, application-code: 10ms)
 GET /login?callbackUrl=%2F 200 in 15ms (next.js: 3ms, proxy.ts: 1.6ms, application-code: 10ms)
 GET /login?callbackUrl=%2F 200 in 17ms (next.js: 3ms, proxy.ts: 2ms, application-code: 12ms)
 GET /login?callbackUrl=%2F 200 in 14ms (next.js: 3ms, proxy.ts: 1.7ms, application-code: 9ms)
 GET /login?callbackUrl=%2F 200 in 14ms (next.js: 3ms, proxy.ts: 1.8ms, application-code: 10ms)
 GET /login?callbackUrl=%2F 200 in 15ms (next.js: 3ms, proxy.ts: 1.6ms, application-code: 10ms)
 GET /login?callbackUrl=%2F 200 in 17ms (next.js: 3ms, proxy.ts: 1.5ms, application-code: 12ms)
 GET /login?callbackUrl=%2F 200 in 16ms (next.js: 3ms, proxy.ts: 2ms, application-code: 10ms)
 GET /login?callbackUrl=%2F 200 in 14ms (next.js: 3ms, proxy.ts: 1.7ms, application-code: 10ms)
 GET /login?callbackUrl=%2F 200 in 15ms (next.js: 4ms, proxy.ts: 1.8ms, application-code: 10ms)
 GET /login?callbackUrl=%2F 200 in 15ms (next.js: 3ms, proxy.ts: 1.7ms, application-code: 10ms)
 GET /login?callbackUrl=%2F 200 in 15ms (next.js: 3ms, proxy.ts: 2ms, application-code: 10ms)
 GET /login?callbackUrl=%2F 200 in 16ms (next.js: 4ms, proxy.ts: 2.0ms, application-code: 10ms)
 GET /login?callbackUrl=%2F 200 in 15ms (next.js: 3ms, proxy.ts: 1.8ms, application-code: 10ms)
 GET /login?callbackUrl=%2F 200 in 16ms (next.js: 4ms, proxy.ts: 1.9ms, application-code: 10ms)
 GET /login?callbackUrl=%2F 200 in 16ms (next.js: 3ms, proxy.ts: 2ms, application-code: 10ms)
 GET /login?callbackUrl=%2F 200 in 19ms (next.js: 4ms, proxy.ts: 1.7ms, application-code: 14ms)
 GET /login?callbackUrl=%2F 200 in 15ms (next.js: 3ms, proxy.ts: 1.6ms, application-code: 10ms)
 GET /login?callbackUrl=%2F 200 in 16ms (next.js: 3ms, proxy.ts: 1.9ms, application-code: 11ms)
 GET /login?callbackUrl=%2F 200 in 15ms (next.js: 3ms, proxy.ts: 1.6ms, application-code: 10ms)
 GET /login?callbackUrl=%2F 200 in 16ms (next.js: 3ms, proxy.ts: 2ms, application-code: 11ms)
 GET /login?callbackUrl=%2F 200 in 16ms (next.js: 3ms, proxy.ts: 1.7ms, application-code: 11ms)
 GET /login?callbackUrl=%2F 200 in 16ms (next.js: 4ms, proxy.ts: 2ms, application-code: 11ms)
 GET /login?callbackUrl=%2F 200 in 16ms (next.js: 4ms, proxy.ts: 1.9ms, application-code: 11ms)
 GET /login?callbackUrl=%2F 200 in 20ms (next.js: 3ms, proxy.ts: 1.9ms, application-code: 15ms)
 GET /login?callbackUrl=%2F 200 in 15ms (next.js: 3ms, proxy.ts: 1.9ms, application-code: 10ms)
 GET /login?callbackUrl=%2F 200 in 15ms (next.js: 4ms, proxy.ts: 1.6ms, application-code: 10ms)
 GET /login?callbackUrl=%2F 200 in 16ms (next.js: 3ms, proxy.ts: 1.8ms, application-code: 11ms)
 GET /login?callbackUrl=%2F 200 in 15ms (next.js: 3ms, proxy.ts: 1.7ms, application-code: 11ms)
 GET /login?callbackUrl=%2F 200 in 15ms (next.js: 3ms, proxy.ts: 1.7ms, application-code: 10ms)
 GET /login?callbackUrl=%2F 200 in 16ms (next.js: 3ms, proxy.ts: 2.0ms, application-code: 10ms)
 GET /login?callbackUrl=%2F 200 in 16ms (next.js: 3ms, proxy.ts: 2ms, application-code: 10ms)
 GET /login?callbackUrl=%2F 200 in 21ms (next.js: 4ms, proxy.ts: 2ms, application-code: 15ms)
 GET /login?callbackUrl=%2F 200 in 15ms (next.js: 4ms, proxy.ts: 1.9ms, application-code: 10ms)
 GET /login?callbackUrl=%2F 200 in 15ms (next.js: 3ms, proxy.ts: 1.7ms, application-code: 10ms)
 GET /login?callbackUrl=%2F 200 in 14ms (next.js: 3ms, proxy.ts: 1.5ms, application-code: 9ms)
 GET /login?callbackUrl=%2F 200 in 17ms (next.js: 5ms, proxy.ts: 1.9ms, application-code: 10ms)
 GET /api/auth/providers 200 in 687ms (next.js: 641ms, proxy.ts: 2ms, application-code: 44ms)
 GET /api/auth/csrf 200 in 29ms (next.js: 6ms, proxy.ts: 2ms, application-code: 21ms)
 POST /api/auth/callback/credentials 200 in 97ms (next.js: 7ms, proxy.ts: 3ms, application-code: 88ms)
 GET / 200 in 255ms (next.js: 236ms, proxy.ts: 4ms, application-code: 15ms)
 GET / 200 in 16ms (next.js: 4ms, proxy.ts: 3ms, application-code: 10ms)
 GET /dashboard 200 in 169ms (next.js: 44ms, proxy.ts: 2ms, application-code: 122ms)
 GET /dashboard 200 in 99ms (next.js: 5ms, proxy.ts: 26ms, application-code: 69ms)
 GET /dashboard 200 in 30ms (next.js: 3ms, proxy.ts: 3ms, application-code: 24ms)
 GET /dashboard 200 in 28ms (next.js: 3ms, proxy.ts: 2ms, application-code: 23ms)
 GET /dashboard 200 in 29ms (next.js: 3ms, proxy.ts: 2ms, application-code: 24ms)
 GET /dashboard 200 in 29ms (next.js: 3ms, proxy.ts: 2ms, application-code: 24ms)
 GET /knowledge/faq 200 in 313ms (next.js: 243ms, proxy.ts: 3ms, application-code: 67ms)
 GET /knowledge/faq 200 in 50ms (next.js: 3ms, proxy.ts: 3ms, application-code: 45ms)
 GET /knowledge/faq 200 in 35ms (next.js: 3ms, proxy.ts: 2ms, application-code: 29ms)
 GET /knowledge/faq 200 in 43ms (next.js: 3ms, proxy.ts: 3ms, application-code: 37ms)
 GET /knowledge/faq 200 in 45ms (next.js: 3ms, proxy.ts: 2ms, application-code: 40ms)
 GET /knowledge/faq/import 200 in 276ms (next.js: 238ms, proxy.ts: 2ms, application-code: 35ms)
 GET /knowledge/faq/import 200 in 34ms (next.js: 4ms, proxy.ts: 10ms, application-code: 20ms)
 GET /knowledge/faq/import 200 in 28ms (next.js: 3ms, proxy.ts: 2ms, application-code: 22ms)
 GET /knowledge/faq/import 200 in 32ms (next.js: 5ms, proxy.ts: 4ms, application-code: 23ms)
 GET /knowledge/faq/import 200 in 33ms (next.js: 4ms, proxy.ts: 2ms, application-code: 26ms)
 GET /knowledge/faq/import 200 in 25ms (next.js: 3ms, proxy.ts: 2ms, application-code: 19ms)
 GET /knowledge/faq/import 200 in 28ms (next.js: 4ms, proxy.ts: 3ms, application-code: 22ms)
 GET /knowledge/faq/import 200 in 28ms (next.js: 4ms, proxy.ts: 2ms, application-code: 22ms)
 GET /knowledge/faq/import 200 in 34ms (next.js: 3ms, proxy.ts: 2ms, application-code: 29ms)
 GET /knowledge/faq/import 200 in 25ms (next.js: 3ms, proxy.ts: 2ms, application-code: 20ms)
 POST /knowledge/faq/import 200 in 21.2s (next.js: 3ms, proxy.ts: 3ms, application-code: 21.2s)
  └─ ƒ previewFaqImport({}) in 21039ms src/lib/server/actions/faq-import.ts
 GET /knowledge/faq/import/1e3ef691-a416-4259-8553-4825164972ca 200 in 657ms (next.js: 600ms, proxy.ts: 5ms, application-code: 52ms)
 GET /knowledge/faq/import/1e3ef691-a416-4259-8553-4825164972ca 200 in 103ms (next.js: 21ms, proxy.ts: 6ms, application-code: 77ms)
 GET /knowledge/faq/import/1e3ef691-a416-4259-8553-4825164972ca 200 in 133ms (next.js: 27ms, proxy.ts: 11ms, application-code: 95ms)
 GET /knowledge/faq/import/1e3ef691-a416-4259-8553-4825164972ca 200 in 84ms (next.js: 11ms, proxy.ts: 16ms, application-code: 57ms)
 GET /knowledge/faq/import/1e3ef691-a416-4259-8553-4825164972ca 200 in 69ms (next.js: 10ms, proxy.ts: 7ms, application-code: 52ms)
 GET /knowledge/faq/import/1e3ef691-a416-4259-8553-4825164972ca 200 in 73ms (next.js: 10ms, proxy.ts: 8ms, application-code: 55ms)
 GET /knowledge/faq/import/1e3ef691-a416-4259-8553-4825164972ca 200 in 72ms (next.js: 8ms, proxy.ts: 17ms, application-code: 47ms)
 GET /knowledge/faq/import/1e3ef691-a416-4259-8553-4825164972ca 200 in 62ms (next.js: 7ms, proxy.ts: 7ms, application-code: 48ms)
 GET /knowledge/faq/import/1e3ef691-a416-4259-8553-4825164972ca 200 in 73ms (next.js: 9ms, proxy.ts: 7ms, application-code: 57ms)
 GET /knowledge/faq/import/1e3ef691-a416-4259-8553-4825164972ca 200 in 69ms (next.js: 9ms, proxy.ts: 12ms, application-code: 48ms)
 GET /knowledge/faq/import/1e3ef691-a416-4259-8553-4825164972ca 200 in 64ms (next.js: 8ms, proxy.ts: 6ms, application-code: 50ms)
 GET /knowledge/faq/import/1e3ef691-a416-4259-8553-4825164972ca 200 in 82ms (next.js: 9ms, proxy.ts: 7ms, application-code: 66ms)
 GET /knowledge/faq/import/1e3ef691-a416-4259-8553-4825164972ca 200 in 75ms (next.js: 10ms, proxy.ts: 18ms, application-code: 47ms)
 GET /knowledge/faq/import/1e3ef691-a416-4259-8553-4825164972ca 200 in 44ms (next.js: 8ms, proxy.ts: 7ms, application-code: 29ms)
 GET /knowledge/faq/import/1e3ef691-a416-4259-8553-4825164972ca 200 in 62ms (next.js: 6ms, proxy.ts: 7ms, application-code: 49ms)
 GET /knowledge/faq/import/1e3ef691-a416-4259-8553-4825164972ca 200 in 65ms (next.js: 9ms, proxy.ts: 10ms, application-code: 46ms)
 GET /knowledge/faq/import/1e3ef691-a416-4259-8553-4825164972ca 200 in 60ms (next.js: 8ms, proxy.ts: 7ms, application-code: 45ms)
 GET /knowledge/faq/import/1e3ef691-a416-4259-8553-4825164972ca 200 in 76ms (next.js: 7ms, proxy.ts: 6ms, application-code: 62ms)
 GET /knowledge/faq/import/1e3ef691-a416-4259-8553-4825164972ca 200 in 101ms (next.js: 15ms, proxy.ts: 11ms, application-code: 75ms)
 GET /knowledge/faq/import/1e3ef691-a416-4259-8553-4825164972ca 200 in 94ms (next.js: 8ms, proxy.ts: 10ms, application-code: 76ms)
 GET /knowledge/faq/import/1e3ef691-a416-4259-8553-4825164972ca 200 in 67ms (next.js: 9ms, proxy.ts: 8ms, application-code: 50ms)
 GET /knowledge/faq/import/1e3ef691-a416-4259-8553-4825164972ca 200 in 61ms (next.js: 5ms, proxy.ts: 10ms, application-code: 46ms)
 GET /knowledge/faq/import/1e3ef691-a416-4259-8553-4825164972ca 200 in 67ms (next.js: 6ms, proxy.ts: 8ms, application-code: 54ms)
 GET /knowledge/faq/import/1e3ef691-a416-4259-8553-4825164972ca 200 in 45ms (next.js: 12ms, proxy.ts: 5ms, application-code: 27ms)
 GET /knowledge/faq/import/1e3ef691-a416-4259-8553-4825164972ca 200 in 37ms (next.js: 7ms, proxy.ts: 2ms, application-code: 28ms)
 GET /knowledge/faq/import/1e3ef691-a416-4259-8553-4825164972ca 200 in 37ms (next.js: 8ms, proxy.ts: 2ms, application-code: 26ms)
 GET /knowledge/faq/import/1e3ef691-a416-4259-8553-4825164972ca 200 in 42ms (next.js: 8ms, proxy.ts: 3ms, application-code: 31ms)
 GET /knowledge/faq/import/1e3ef691-a416-4259-8553-4825164972ca 200 in 35ms (next.js: 8ms, proxy.ts: 2ms, application-code: 25ms)
 GET /knowledge/faq/import/1e3ef691-a416-4259-8553-4825164972ca 200 in 36ms (next.js: 7ms, proxy.ts: 2ms, application-code: 26ms)
 GET /knowledge/faq/import/1e3ef691-a416-4259-8553-4825164972ca 200 in 37ms (next.js: 7ms, proxy.ts: 3ms, application-code: 27ms)
 GET /knowledge/faq/import/1e3ef691-a416-4259-8553-4825164972ca 200 in 36ms (next.js: 8ms, proxy.ts: 2ms, application-code: 26ms)
 GET /login?callbackUrl=%2F 200 in 87ms (next.js: 5ms, proxy.ts: 2ms, application-code: 80ms)
 GET /login?callbackUrl=%2F 200 in 40ms (next.js: 5ms, proxy.ts: 4ms, application-code: 31ms)
 GET /knowledge/faq/import/1e3ef691-a416-4259-8553-4825164972ca 200 in 56ms (next.js: 23ms, proxy.ts: 5ms, application-code: 29ms)
 GET /login?callbackUrl=%2F 200 in 40ms (next.js: 4ms, proxy.ts: 3ms, application-code: 33ms)
 GET /knowledge/faq/import/1e3ef691-a416-4259-8553-4825164972ca 200 in 49ms (next.js: 20ms, proxy.ts: 3ms, application-code: 26ms)
 GET /login?callbackUrl=%2F 200 in 37ms (next.js: 5ms, proxy.ts: 3ms, application-code: 30ms)
 GET /knowledge/faq/import/1e3ef691-a416-4259-8553-4825164972ca 200 in 51ms (next.js: 20ms, proxy.ts: 3ms, application-code: 27ms)
 GET /login?callbackUrl=%2F 200 in 40ms (next.js: 5ms, proxy.ts: 3ms, application-code: 32ms)
 GET /knowledge/faq/import/1e3ef691-a416-4259-8553-4825164972ca 200 in 50ms (next.js: 20ms, proxy.ts: 4ms, application-code: 27ms)
 GET /login?callbackUrl=%2F 200 in 40ms (next.js: 4ms, proxy.ts: 3ms, application-code: 33ms)
 GET /knowledge/faq/import/1e3ef691-a416-4259-8553-4825164972ca 200 in 60ms (next.js: 20ms, proxy.ts: 3ms, application-code: 37ms)
 GET /login?callbackUrl=%2F 200 in 25ms (next.js: 5ms, proxy.ts: 3ms, application-code: 17ms)
 GET /knowledge/faq/import/1e3ef691-a416-4259-8553-4825164972ca 200 in 54ms (next.js: 21ms, proxy.ts: 5ms, application-code: 28ms)
 GET /login?callbackUrl=%2F 200 in 43ms (next.js: 5ms, proxy.ts: 3ms, application-code: 35ms)
 GET /knowledge/faq/import/1e3ef691-a416-4259-8553-4825164972ca 200 in 55ms (next.js: 20ms, proxy.ts: 3ms, application-code: 31ms)
 GET /login?callbackUrl=%2F 200 in 37ms (next.js: 4ms, proxy.ts: 3ms, application-code: 30ms)
 GET /knowledge/faq/import/1e3ef691-a416-4259-8553-4825164972ca 200 in 52ms (next.js: 20ms, proxy.ts: 3ms, application-code: 28ms)
 GET /login?callbackUrl=%2F 200 in 53ms (next.js: 6ms, proxy.ts: 4ms, application-code: 43ms)
 GET /knowledge/faq/import/1e3ef691-a416-4259-8553-4825164972ca 200 in 111ms (next.js: 30ms, proxy.ts: 4ms, application-code: 78ms)
 GET /login?callbackUrl=%2F 200 in 45ms (next.js: 5ms, proxy.ts: 4ms, application-code: 36ms)
 GET /knowledge/faq/import/1e3ef691-a416-4259-8553-4825164972ca 200 in 60ms (next.js: 23ms, proxy.ts: 4ms, application-code: 33ms)
 GET /login?callbackUrl=%2F 200 in 44ms (next.js: 5ms, proxy.ts: 3ms, application-code: 36ms)
 GET /knowledge/faq/import/1e3ef691-a416-4259-8553-4825164972ca 200 in 57ms (next.js: 25ms, proxy.ts: 3ms, application-code: 29ms)
 GET /login?callbackUrl=%2F 200 in 43ms (next.js: 5ms, proxy.ts: 4ms, application-code: 34ms)
 GET /knowledge/faq/import/1e3ef691-a416-4259-8553-4825164972ca 200 in 54ms (next.js: 21ms, proxy.ts: 4ms, application-code: 29ms)
 GET /login?callbackUrl=%2F 200 in 43ms (next.js: 6ms, proxy.ts: 4ms, application-code: 34ms)
 GET /knowledge/faq/import/1e3ef691-a416-4259-8553-4825164972ca 200 in 54ms (next.js: 22ms, proxy.ts: 3ms, application-code: 28ms)
 GET /login?callbackUrl=%2F 200 in 44ms (next.js: 4ms, proxy.ts: 3ms, application-code: 37ms)
 GET /knowledge/faq/import/1e3ef691-a416-4259-8553-4825164972ca 200 in 58ms (next.js: 21ms, proxy.ts: 3ms, application-code: 34ms)
 GET /login?callbackUrl=%2F 200 in 50ms (next.js: 4ms, proxy.ts: 3ms, application-code: 42ms)
 GET /knowledge/faq/import/1e3ef691-a416-4259-8553-4825164972ca 200 in 69ms (next.js: 23ms, proxy.ts: 3ms, application-code: 43ms)
 GET /login?callbackUrl=%2F 200 in 49ms (next.js: 5ms, proxy.ts: 3ms, application-code: 41ms)
 GET /knowledge/faq/import/1e3ef691-a416-4259-8553-4825164972ca 200 in 61ms (next.js: 26ms, proxy.ts: 3ms, application-code: 31ms)
 GET /login?callbackUrl=%2F 200 in 43ms (next.js: 6ms, proxy.ts: 3ms, application-code: 34ms)
 GET /knowledge/faq/import/1e3ef691-a416-4259-8553-4825164972ca 200 in 57ms (next.js: 25ms, proxy.ts: 3ms, application-code: 28ms)
 GET /login?callbackUrl=%2F 200 in 44ms (next.js: 5ms, proxy.ts: 4ms, application-code: 35ms)
 GET /knowledge/faq/import/1e3ef691-a416-4259-8553-4825164972ca 200 in 60ms (next.js: 21ms, proxy.ts: 4ms, application-code: 35ms)
 GET /login?callbackUrl=%2F 200 in 43ms (next.js: 4ms, proxy.ts: 3ms, application-code: 36ms)
 GET /knowledge/faq/import/1e3ef691-a416-4259-8553-4825164972ca 200 in 52ms (next.js: 20ms, proxy.ts: 3ms, application-code: 29ms)
 GET /login?callbackUrl=%2F 200 in 37ms (next.js: 5ms, proxy.ts: 3ms, application-code: 30ms)
 GET /knowledge/faq/import/1e3ef691-a416-4259-8553-4825164972ca 200 in 51ms (next.js: 20ms, proxy.ts: 3ms, application-code: 28ms)
 GET /login?callbackUrl=%2F 200 in 38ms (next.js: 4ms, proxy.ts: 3ms, application-code: 31ms)
 GET /knowledge/faq/import/1e3ef691-a416-4259-8553-4825164972ca 200 in 55ms (next.js: 21ms, proxy.ts: 3ms, application-code: 31ms)
 GET /login?callbackUrl=%2F 200 in 49ms (next.js: 5ms, proxy.ts: 7ms, application-code: 36ms)
 GET /knowledge/faq/import/1e3ef691-a416-4259-8553-4825164972ca 200 in 66ms (next.js: 24ms, proxy.ts: 8ms, application-code: 34ms)
 GET /login?callbackUrl=%2F 200 in 41ms (next.js: 5ms, proxy.ts: 3ms, application-code: 33ms)
 GET /knowledge/faq/import/1e3ef691-a416-4259-8553-4825164972ca 200 in 52ms (next.js: 8ms, proxy.ts: 16ms, application-code: 28ms)
 GET /login?callbackUrl=%2F 200 in 38ms (next.js: 4ms, proxy.ts: 3ms, application-code: 31ms)
 GET /knowledge/faq/import/1e3ef691-a416-4259-8553-4825164972ca 200 in 50ms (next.js: 20ms, proxy.ts: 3ms, application-code: 27ms)
 GET /login?callbackUrl=%2F 200 in 45ms (next.js: 5ms, proxy.ts: 3ms, application-code: 37ms)
 GET /knowledge/faq/import/1e3ef691-a416-4259-8553-4825164972ca 200 in 54ms (next.js: 21ms, proxy.ts: 3ms, application-code: 30ms)
 GET /login?callbackUrl=%2F 200 in 41ms (next.js: 5ms, proxy.ts: 4ms, application-code: 32ms)
 GET /knowledge/faq/import/1e3ef691-a416-4259-8553-4825164972ca 200 in 55ms (next.js: 18ms, proxy.ts: 7ms, application-code: 30ms)
 GET /login?callbackUrl=%2F 200 in 40ms (next.js: 4ms, proxy.ts: 4ms, application-code: 32ms)
 GET /knowledge/faq/import/1e3ef691-a416-4259-8553-4825164972ca 200 in 55ms (next.js: 20ms, proxy.ts: 4ms, application-code: 31ms)
 GET /login?callbackUrl=%2F 200 in 39ms (next.js: 5ms, proxy.ts: 3ms, application-code: 32ms)
 GET /knowledge/faq/import/1e3ef691-a416-4259-8553-4825164972ca 200 in 53ms (next.js: 21ms, proxy.ts: 3ms, application-code: 28ms)
 GET /login?callbackUrl=%2F 200 in 39ms (next.js: 4ms, proxy.ts: 3ms, application-code: 32ms)
 GET /knowledge/faq/import/1e3ef691-a416-4259-8553-4825164972ca 200 in 57ms (next.js: 21ms, proxy.ts: 3ms, application-code: 33ms)
 GET /login?callbackUrl=%2F 200 in 40ms (next.js: 5ms, proxy.ts: 3ms, application-code: 32ms)
 GET /knowledge/faq/import/1e3ef691-a416-4259-8553-4825164972ca 200 in 56ms (next.js: 21ms, proxy.ts: 3ms, application-code: 31ms)
 GET /login?callbackUrl=%2F 200 in 41ms (next.js: 4ms, proxy.ts: 3ms, application-code: 34ms)
 GET /knowledge/faq/import/1e3ef691-a416-4259-8553-4825164972ca 200 in 51ms (next.js: 21ms, proxy.ts: 3ms, application-code: 27ms)
 GET /login?callbackUrl=%2F 200 in 40ms (next.js: 5ms, proxy.ts: 3ms, application-code: 31ms)
 GET /knowledge/faq/import/1e3ef691-a416-4259-8553-4825164972ca 200 in 54ms (next.js: 21ms, proxy.ts: 4ms, application-code: 30ms)
 GET /login?callbackUrl=%2F 200 in 38ms (next.js: 4ms, proxy.ts: 3ms, application-code: 31ms)
 GET /knowledge/faq/import/1e3ef691-a416-4259-8553-4825164972ca 200 in 53ms (next.js: 19ms, proxy.ts: 3ms, application-code: 31ms)
 GET /login?callbackUrl=%2F 200 in 52ms (next.js: 6ms, proxy.ts: 3ms, application-code: 43ms)
 GET /knowledge/faq/import/1e3ef691-a416-4259-8553-4825164972ca 200 in 77ms (next.js: 28ms, proxy.ts: 4ms, application-code: 45ms)
 GET /login?callbackUrl=%2F 200 in 46ms (next.js: 6ms, proxy.ts: 3ms, application-code: 36ms)
 GET /knowledge/faq/import/1e3ef691-a416-4259-8553-4825164972ca 200 in 51ms (next.js: 20ms, proxy.ts: 3ms, application-code: 28ms)
 GET /login?callbackUrl=%2F 200 in 38ms (next.js: 4ms, proxy.ts: 3ms, application-code: 30ms)
 GET /knowledge/faq/import/1e3ef691-a416-4259-8553-4825164972ca 200 in 51ms (next.js: 19ms, proxy.ts: 3ms, application-code: 29ms)
 GET /login?callbackUrl=%2F 200 in 84ms (next.js: 4ms, proxy.ts: 4ms, application-code: 76ms)
 GET /knowledge/faq/import/1e3ef691-a416-4259-8553-4825164972ca 200 in 98ms (next.js: 24ms, proxy.ts: 3ms, application-code: 70ms)
 GET /login?callbackUrl=%2F 200 in 46ms (next.js: 6ms, proxy.ts: 4ms, application-code: 36ms)
 GET /knowledge/faq/import/1e3ef691-a416-4259-8553-4825164972ca 200 in 57ms (next.js: 23ms, proxy.ts: 5ms, application-code: 29ms)
 GET /api/auth/providers 200 in 27ms (next.js: 7ms, proxy.ts: 3ms, application-code: 17ms)
 GET /api/auth/csrf 200 in 15ms (next.js: 4ms, proxy.ts: 2ms, application-code: 9ms)
 POST /api/auth/callback/credentials 200 in 85ms (next.js: 4ms, proxy.ts: 4ms, application-code: 78ms)
 GET / 200 in 20ms (next.js: 5ms, proxy.ts: 3ms, application-code: 12ms)
 GET / 200 in 14ms (next.js: 3ms, proxy.ts: 2ms, application-code: 9ms)
 GET /dashboard 200 in 49ms (next.js: 4ms, proxy.ts: 3ms, application-code: 42ms)
 GET /dashboard 200 in 37ms (next.js: 7ms, proxy.ts: 6ms, application-code: 24ms)
 GET /dashboard 200 in 59ms (next.js: 5ms, proxy.ts: 5ms, application-code: 49ms)
 GET /knowledge/faq/import/1e3ef691-a416-4259-8553-4825164972ca 200 in 77ms (next.js: 27ms, proxy.ts: 5ms, application-code: 45ms)
 GET /dashboard 200 in 67ms (next.js: 4ms, proxy.ts: 3ms, application-code: 59ms)
 GET /knowledge/faq/import/1e3ef691-a416-4259-8553-4825164972ca 200 in 66ms (next.js: 27ms, proxy.ts: 3ms, application-code: 36ms)
 GET /knowledge/faq 200 in 47ms (next.js: 6ms, proxy.ts: 3ms, application-code: 38ms)
 GET /knowledge/faq/import/1e3ef691-a416-4259-8553-4825164972ca 200 in 69ms (next.js: 26ms, proxy.ts: 3ms, application-code: 39ms)
 GET /knowledge/faq 200 in 70ms (next.js: 4ms, proxy.ts: 3ms, application-code: 63ms)
 GET /knowledge/categories 200 in 291ms (next.js: 211ms, proxy.ts: 2ms, application-code: 78ms)
 GET /knowledge/faq/import/1e3ef691-a416-4259-8553-4825164972ca 200 in 80ms (next.js: 29ms, proxy.ts: 9ms, application-code: 42ms)
 GET /knowledge/categories 200 in 82ms (next.js: 5ms, proxy.ts: 9ms, application-code: 69ms)
 GET /knowledge/faq/import/1e3ef691-a416-4259-8553-4825164972ca 200 in 75ms (next.js: 34ms, proxy.ts: 4ms, application-code: 36ms)
 GET /knowledge/categories 200 in 78ms (next.js: 6ms, proxy.ts: 5ms, application-code: 67ms)
 GET /knowledge/faq 200 in 39ms (next.js: 4ms, proxy.ts: 3ms, application-code: 32ms)
 GET /knowledge/faq 200 in 93ms (next.js: 4ms, proxy.ts: 4ms, application-code: 86ms)
 GET /knowledge/faq/import/1e3ef691-a416-4259-8553-4825164972ca 200 in 93ms (next.js: 43ms, proxy.ts: 4ms, application-code: 47ms)
 GET /knowledge/faq 200 in 64ms (next.js: 5ms, proxy.ts: 5ms, application-code: 53ms)
 GET /knowledge/faq/import/1e3ef691-a416-4259-8553-4825164972ca 200 in 79ms (next.js: 29ms, proxy.ts: 5ms, application-code: 46ms)
 GET /knowledge/faq/import/1e3ef691-a416-4259-8553-4825164972ca 200 in 72ms (next.js: 29ms, proxy.ts: 3ms, application-code: 40ms)
 GET /knowledge/faq 200 in 73ms (next.js: 4ms, proxy.ts: 4ms, application-code: 66ms)
 GET /knowledge/faq/import/1e3ef691-a416-4259-8553-4825164972ca 200 in 69ms (next.js: 26ms, proxy.ts: 3ms, application-code: 39ms)
 GET /knowledge/faq 200 in 71ms (next.js: 4ms, proxy.ts: 4ms, application-code: 63ms)
 GET /knowledge/faq/import/1e3ef691-a416-4259-8553-4825164972ca 200 in 73ms (next.js: 34ms, proxy.ts: 3ms, application-code: 36ms)
 GET /knowledge/faq 200 in 75ms (next.js: 4ms, proxy.ts: 3ms, application-code: 68ms)
 GET /knowledge/faq/import/1e3ef691-a416-4259-8553-4825164972ca 200 in 77ms (next.js: 30ms, proxy.ts: 3ms, application-code: 44ms)
 GET /knowledge/faq 200 in 78ms (next.js: 4ms, proxy.ts: 3ms, application-code: 71ms)
 GET /knowledge/categories 200 in 40ms (next.js: 4ms, proxy.ts: 3ms, application-code: 34ms)
 GET /knowledge/faq/import/1e3ef691-a416-4259-8553-4825164972ca 200 in 80ms (next.js: 30ms, proxy.ts: 4ms, application-code: 47ms)
 GET /knowledge/categories 200 in 82ms (next.js: 4ms, proxy.ts: 4ms, application-code: 75ms)
 GET /knowledge/documents 200 in 171ms (next.js: 120ms, proxy.ts: 3ms, application-code: 48ms)
 GET /knowledge/documents 200 in 74ms (next.js: 4ms, proxy.ts: 4ms, application-code: 66ms)
 GET /knowledge/faq/import/1e3ef691-a416-4259-8553-4825164972ca 200 in 77ms (next.js: 30ms, proxy.ts: 3ms, application-code: 44ms)
 GET /knowledge/documents 200 in 63ms (next.js: 5ms, proxy.ts: 4ms, application-code: 55ms)
 GET /knowledge/faq/import/1e3ef691-a416-4259-8553-4825164972ca 200 in 66ms (next.js: 32ms, proxy.ts: 3ms, application-code: 31ms)
 GET /knowledge/documents 200 in 63ms (next.js: 4ms, proxy.ts: 3ms, application-code: 55ms)
 GET /knowledge/faq/import/1e3ef691-a416-4259-8553-4825164972ca 200 in 66ms (next.js: 27ms, proxy.ts: 3ms, application-code: 36ms)
 GET /knowledge/faq/import-history 200 in 328ms (next.js: 280ms, proxy.ts: 3ms, application-code: 45ms)
 GET /knowledge/faq/import-history 200 in 77ms (next.js: 4ms, proxy.ts: 3ms, application-code: 69ms)
 GET /knowledge/faq/import/1e3ef691-a416-4259-8553-4825164972ca 200 in 80ms (next.js: 40ms, proxy.ts: 3ms, application-code: 37ms)
 GET /knowledge/faq/import-history 200 in 62ms (next.js: 5ms, proxy.ts: 4ms, application-code: 54ms)
 GET /knowledge/faq/import/1e3ef691-a416-4259-8553-4825164972ca 200 in 68ms (next.js: 33ms, proxy.ts: 3ms, application-code: 33ms)
 GET /knowledge/faq/import-history 200 in 66ms (next.js: 4ms, proxy.ts: 3ms, application-code: 59ms)
 GET /knowledge/faq/import/1e3ef691-a416-4259-8553-4825164972ca 200 in 68ms (next.js: 27ms, proxy.ts: 3ms, application-code: 37ms)
 GET /knowledge/faq/import-history 200 in 60ms (next.js: 5ms, proxy.ts: 4ms, application-code: 52ms)
 GET /knowledge/faq/import/1e3ef691-a416-4259-8553-4825164972ca 200 in 63ms (next.js: 29ms, proxy.ts: 3ms, application-code: 31ms)
 GET /knowledge/faq/import-history 200 in 61ms (next.js: 4ms, proxy.ts: 4ms, application-code: 53ms)
 GET /knowledge/faq/import/1e3ef691-a416-4259-8553-4825164972ca 200 in 59ms (next.js: 25ms, proxy.ts: 5ms, application-code: 29ms)
 GET /knowledge/sources 200 in 184ms (next.js: 129ms, proxy.ts: 3ms, application-code: 52ms)
 GET /knowledge/sources 200 in 61ms (next.js: 4ms, proxy.ts: 3ms, application-code: 54ms)
 GET /knowledge/faq/import/1e3ef691-a416-4259-8553-4825164972ca 200 in 65ms (next.js: 29ms, proxy.ts: 3ms, application-code: 33ms)
 GET /knowledge/sources 200 in 60ms (next.js: 4ms, proxy.ts: 3ms, application-code: 53ms)
 GET /knowledge/faq/import/1e3ef691-a416-4259-8553-4825164972ca 200 in 61ms (next.js: 25ms, proxy.ts: 3ms, application-code: 33ms)
 GET /knowledge/sources 200 in 79ms (next.js: 3ms, proxy.ts: 3ms, application-code: 72ms)
 GET /knowledge/faq/import/1e3ef691-a416-4259-8553-4825164972ca 200 in 88ms (next.js: 41ms, proxy.ts: 3ms, application-code: 44ms)
 GET /knowledge/faq 200 in 37ms (next.js: 4ms, proxy.ts: 3ms, application-code: 30ms)
 GET /knowledge/faq/import/1e3ef691-a416-4259-8553-4825164972ca 200 in 65ms (next.js: 26ms, proxy.ts: 3ms, application-code: 36ms)
 GET /knowledge/faq 200 in 67ms (next.js: 4ms, proxy.ts: 3ms, application-code: 60ms)
 GET /knowledge/faq/import/1e3ef691-a416-4259-8553-4825164972ca 200 in 70ms (next.js: 33ms, proxy.ts: 3ms, application-code: 34ms)
 GET /knowledge/faq 200 in 72ms (next.js: 5ms, proxy.ts: 4ms, application-code: 64ms)
 GET /knowledge/faq/import/1e3ef691-a416-4259-8553-4825164972ca 200 in 73ms (next.js: 27ms, proxy.ts: 3ms, application-code: 43ms)
 GET /knowledge/faq 200 in 74ms (next.js: 3ms, proxy.ts: 3ms, application-code: 67ms)
 GET /knowledge/faq 200 in 70ms (next.js: 4ms, proxy.ts: 4ms, application-code: 61ms)
 GET /knowledge/faq/import/1e3ef691-a416-4259-8553-4825164972ca 200 in 70ms (next.js: 28ms, proxy.ts: 4ms, application-code: 38ms)
 GET /knowledge/faq/import/1e3ef691-a416-4259-8553-4825164972ca 200 in 71ms (next.js: 28ms, proxy.ts: 3ms, application-code: 40ms)
 GET /knowledge/faq 200 in 72ms (next.js: 4ms, proxy.ts: 3ms, application-code: 65ms)
 GET /knowledge/faq/import/1e3ef691-a416-4259-8553-4825164972ca 200 in 73ms (next.js: 25ms, proxy.ts: 3ms, application-code: 46ms)
 GET /knowledge/faq 200 in 75ms (next.js: 4ms, proxy.ts: 3ms, application-code: 68ms)
 GET /knowledge/faq/import/1e3ef691-a416-4259-8553-4825164972ca 200 in 65ms (next.js: 26ms, proxy.ts: 3ms, application-code: 36ms)
 GET /knowledge/faq 200 in 67ms (next.js: 4ms, proxy.ts: 4ms, application-code: 60ms)
 GET /knowledge/faq 200 in 69ms (next.js: 4ms, proxy.ts: 4ms, application-code: 61ms)
 GET /knowledge/faq/import/1e3ef691-a416-4259-8553-4825164972ca 200 in 69ms (next.js: 28ms, proxy.ts: 3ms, application-code: 38ms)
 GET /knowledge/faq/import/1e3ef691-a416-4259-8553-4825164972ca 200 in 76ms (next.js: 25ms, proxy.ts: 4ms, application-code: 47ms)
 GET /knowledge/faq 200 in 77ms (next.js: 4ms, proxy.ts: 4ms, application-code: 70ms)
 GET /knowledge/faq 200 in 70ms (next.js: 4ms, proxy.ts: 4ms, application-code: 62ms)
 GET /knowledge/faq/import/1e3ef691-a416-4259-8553-4825164972ca 200 in 69ms (next.js: 30ms, proxy.ts: 3ms, application-code: 35ms)
 GET /knowledge/faq/import-history 200 in 41ms (next.js: 4ms, proxy.ts: 3ms, application-code: 35ms)
 GET /knowledge/faq/import-history 200 in 60ms (next.js: 4ms, proxy.ts: 4ms, application-code: 51ms)
 GET /knowledge/faq/import/1e3ef691-a416-4259-8553-4825164972ca 200 in 66ms (next.js: 30ms, proxy.ts: 3ms, application-code: 33ms)
 GET /knowledge/faq/import-history 200 in 72ms (next.js: 4ms, proxy.ts: 4ms, application-code: 63ms)
 GET /knowledge/faq/import/1e3ef691-a416-4259-8553-4825164972ca 200 in 72ms (next.js: 36ms, proxy.ts: 3ms, application-code: 32ms)
 GET /knowledge/faq/import-history 200 in 62ms (next.js: 4ms, proxy.ts: 4ms, application-code: 54ms)
 GET /knowledge/faq/import/1e3ef691-a416-4259-8553-4825164972ca 200 in 63ms (next.js: 28ms, proxy.ts: 3ms, application-code: 32ms)
 GET /knowledge/faq/import-history 200 in 65ms (next.js: 4ms, proxy.ts: 4ms, application-code: 57ms)
 GET /knowledge/faq/import/1e3ef691-a416-4259-8553-4825164972ca 200 in 64ms (next.js: 25ms, proxy.ts: 3ms, application-code: 36ms)
 GET /knowledge/faq/import-history 200 in 67ms (next.js: 5ms, proxy.ts: 4ms, application-code: 58ms)
 GET /knowledge/faq/import/1e3ef691-a416-4259-8553-4825164972ca 200 in 70ms (next.js: 32ms, proxy.ts: 3ms, application-code: 35ms)
 GET /knowledge/faq/import/1e3ef691-a416-4259-8553-4825164972ca 200 in 45ms (next.js: 8ms, proxy.ts: 3ms, application-code: 34ms)
 GET /knowledge/faq/import-history/1e3ef691-a416-4259-8553-4825164972ca 200 in 732ms (next.js: 684ms, proxy.ts: 3ms, application-code: 45ms)
 GET /knowledge/faq/import-history/1e3ef691-a416-4259-8553-4825164972ca 200 in 57ms (next.js: 13ms, proxy.ts: 10ms, application-code: 34ms)
 GET /knowledge/faq/import-history/1e3ef691-a416-4259-8553-4825164972ca 200 in 65ms (next.js: 12ms, proxy.ts: 4ms, application-code: 49ms)
 GET /knowledge/faq/import/1e3ef691-a416-4259-8553-4825164972ca 200 in 64ms (next.js: 28ms, proxy.ts: 3ms, application-code: 33ms)
 GET /knowledge/faq/import-history/1e3ef691-a416-4259-8553-4825164972ca 200 in 65ms (next.js: 11ms, proxy.ts: 4ms, application-code: 50ms)
 GET /knowledge/faq/import/1e3ef691-a416-4259-8553-4825164972ca 200 in 64ms (next.js: 28ms, proxy.ts: 4ms, application-code: 33ms)
 GET /knowledge/faq/import-history/1e3ef691-a416-4259-8553-4825164972ca 200 in 80ms (next.js: 11ms, proxy.ts: 4ms, application-code: 65ms)
 GET /knowledge/faq/import/1e3ef691-a416-4259-8553-4825164972ca 200 in 80ms (next.js: 28ms, proxy.ts: 3ms, application-code: 49ms)
 GET /knowledge/faq/import-history/1e3ef691-a416-4259-8553-4825164972ca 200 in 72ms (next.js: 11ms, proxy.ts: 4ms, application-code: 58ms)
 GET /knowledge/faq/import/1e3ef691-a416-4259-8553-4825164972ca 200 in 71ms (next.js: 27ms, proxy.ts: 3ms, application-code: 42ms)
 GET /knowledge/faq/import-history/1e3ef691-a416-4259-8553-4825164972ca 200 in 65ms (next.js: 10ms, proxy.ts: 4ms, application-code: 52ms)
 GET /knowledge/faq/import/1e3ef691-a416-4259-8553-4825164972ca 200 in 65ms (next.js: 29ms, proxy.ts: 3ms, application-code: 33ms)
 GET /knowledge/faq/import-history/1e3ef691-a416-4259-8553-4825164972ca 200 in 78ms (next.js: 12ms, proxy.ts: 5ms, application-code: 61ms)
 GET /knowledge/faq/import/1e3ef691-a416-4259-8553-4825164972ca 200 in 78ms (next.js: 31ms, proxy.ts: 6ms, application-code: 41ms)
 GET /knowledge/faq/import-history/1e3ef691-a416-4259-8553-4825164972ca 200 in 65ms (next.js: 11ms, proxy.ts: 4ms, application-code: 50ms)
 GET /knowledge/faq/import/1e3ef691-a416-4259-8553-4825164972ca 200 in 64ms (next.js: 27ms, proxy.ts: 3ms, application-code: 34ms)
 GET /knowledge/faq/import-history/1e3ef691-a416-4259-8553-4825164972ca 200 in 65ms (next.js: 10ms, proxy.ts: 4ms, application-code: 51ms)
 GET /knowledge/faq/import/1e3ef691-a416-4259-8553-4825164972ca 200 in 65ms (next.js: 27ms, proxy.ts: 4ms, application-code: 34ms)
 GET /knowledge/faq/import-history/1e3ef691-a416-4259-8553-4825164972ca 200 in 77ms (next.js: 11ms, proxy.ts: 4ms, application-code: 63ms)
 GET /knowledge/faq/import/1e3ef691-a416-4259-8553-4825164972ca 200 in 77ms (next.js: 27ms, proxy.ts: 3ms, application-code: 47ms)
 GET /knowledge/faq/import-history/1e3ef691-a416-4259-8553-4825164972ca 200 in 64ms (next.js: 10ms, proxy.ts: 4ms, application-code: 50ms)
 GET /knowledge/faq/import/1e3ef691-a416-4259-8553-4825164972ca 200 in 67ms (next.js: 28ms, proxy.ts: 3ms, application-code: 36ms)
 GET /knowledge/faq/import-history/1e3ef691-a416-4259-8553-4825164972ca 200 in 65ms (next.js: 10ms, proxy.ts: 3ms, application-code: 51ms)
 GET /knowledge/faq/import/1e3ef691-a416-4259-8553-4825164972ca 200 in 65ms (next.js: 27ms, proxy.ts: 3ms, application-code: 35ms)
 GET /knowledge/faq/import-history/1e3ef691-a416-4259-8553-4825164972ca 200 in 66ms (next.js: 10ms, proxy.ts: 4ms, application-code: 52ms)
 GET /knowledge/faq/import/1e3ef691-a416-4259-8553-4825164972ca 200 in 66ms (next.js: 27ms, proxy.ts: 3ms, application-code: 36ms)
 GET /knowledge/faq/import-history/1e3ef691-a416-4259-8553-4825164972ca 200 in 79ms (next.js: 12ms, proxy.ts: 5ms, application-code: 62ms)
 GET /knowledge/faq/import/1e3ef691-a416-4259-8553-4825164972ca 200 in 79ms (next.js: 30ms, proxy.ts: 5ms, application-code: 44ms)
 GET /knowledge/faq/import-history/1e3ef691-a416-4259-8553-4825164972ca 200 in 76ms (next.js: 12ms, proxy.ts: 4ms, application-code: 60ms)
 GET /knowledge/faq/import/1e3ef691-a416-4259-8553-4825164972ca 200 in 75ms (next.js: 29ms, proxy.ts: 3ms, application-code: 43ms)
 GET /knowledge/faq/import-history/1e3ef691-a416-4259-8553-4825164972ca 200 in 64ms (next.js: 10ms, proxy.ts: 3ms, application-code: 51ms)
 GET /knowledge/faq/import/1e3ef691-a416-4259-8553-4825164972ca 200 in 64ms (next.js: 27ms, proxy.ts: 3ms, application-code: 35ms)
 GET /knowledge/faq/import-history/1e3ef691-a416-4259-8553-4825164972ca 200 in 84ms (next.js: 12ms, proxy.ts: 4ms, application-code: 68ms)
 GET /knowledge/faq/import/1e3ef691-a416-4259-8553-4825164972ca 200 in 84ms (next.js: 31ms, proxy.ts: 3ms, application-code: 50ms)
 GET /knowledge/faq/import-history/1e3ef691-a416-4259-8553-4825164972ca 200 in 65ms (next.js: 10ms, proxy.ts: 3ms, application-code: 51ms)
 GET /knowledge/faq/import/1e3ef691-a416-4259-8553-4825164972ca 200 in 66ms (next.js: 28ms, proxy.ts: 3ms, application-code: 34ms)
 GET /knowledge/faq/import-history/1e3ef691-a416-4259-8553-4825164972ca 200 in 71ms (next.js: 12ms, proxy.ts: 3ms, application-code: 56ms)
 GET /knowledge/faq/import/1e3ef691-a416-4259-8553-4825164972ca 200 in 72ms (next.js: 28ms, proxy.ts: 3ms, application-code: 40ms)
 GET /knowledge/faq/import-history/1e3ef691-a416-4259-8553-4825164972ca 200 in 75ms (next.js: 10ms, proxy.ts: 4ms, application-code: 60ms)
 GET /knowledge/faq/import/1e3ef691-a416-4259-8553-4825164972ca 200 in 75ms (next.js: 29ms, proxy.ts: 4ms, application-code: 42ms)
 GET /knowledge/faq/import-history/1e3ef691-a416-4259-8553-4825164972ca 200 in 69ms (next.js: 11ms, proxy.ts: 3ms, application-code: 55ms)
 GET /knowledge/faq/import/1e3ef691-a416-4259-8553-4825164972ca 200 in 69ms (next.js: 29ms, proxy.ts: 3ms, application-code: 37ms)
 GET /knowledge/faq/import-history/1e3ef691-a416-4259-8553-4825164972ca 200 in 68ms (next.js: 12ms, proxy.ts: 4ms, application-code: 52ms)
 GET /knowledge/faq/import/1e3ef691-a416-4259-8553-4825164972ca 200 in 67ms (next.js: 27ms, proxy.ts: 4ms, application-code: 36ms)
 GET /knowledge/documents 200 in 25ms (next.js: 4ms, proxy.ts: 3ms, application-code: 19ms)
 GET /knowledge/documents 200 in 69ms (next.js: 5ms, proxy.ts: 3ms, application-code: 61ms)
 GET /knowledge/faq/import/1e3ef691-a416-4259-8553-4825164972ca 200 in 68ms (next.js: 27ms, proxy.ts: 3ms, application-code: 39ms)
 GET /knowledge/documents 200 in 58ms (next.js: 4ms, proxy.ts: 3ms, application-code: 50ms)
 GET /knowledge/faq/import/1e3ef691-a416-4259-8553-4825164972ca 200 in 59ms (next.js: 26ms, proxy.ts: 3ms, application-code: 30ms)
 GET /knowledge/sources 200 in 26ms (next.js: 3ms, proxy.ts: 3ms, application-code: 20ms)
 GET /knowledge/sources 200 in 60ms (next.js: 4ms, proxy.ts: 3ms, application-code: 53ms)
 GET /knowledge/faq/import/1e3ef691-a416-4259-8553-4825164972ca 200 in 63ms (next.js: 27ms, proxy.ts: 3ms, application-code: 33ms)
 GET /knowledge/categories 200 in 50ms (next.js: 4ms, proxy.ts: 3ms, application-code: 43ms)
 GET /knowledge/categories 200 in 75ms (next.js: 4ms, proxy.ts: 3ms, application-code: 68ms)
 GET /knowledge/faq/import/1e3ef691-a416-4259-8553-4825164972ca 200 in 75ms (next.js: 30ms, proxy.ts: 3ms, application-code: 42ms)
 GET /knowledge/faq 200 in 35ms (next.js: 4ms, proxy.ts: 2ms, application-code: 29ms)
 GET /knowledge/faq 200 in 70ms (next.js: 4ms, proxy.ts: 4ms, application-code: 62ms)
 GET /knowledge/faq/import/1e3ef691-a416-4259-8553-4825164972ca 200 in 83ms (next.js: 28ms, proxy.ts: 4ms, application-code: 51ms)
 GET /knowledge/faq 200 in 75ms (next.js: 5ms, proxy.ts: 3ms, application-code: 66ms)
 GET /knowledge/faq/import/1e3ef691-a416-4259-8553-4825164972ca 200 in 74ms (next.js: 30ms, proxy.ts: 3ms, application-code: 42ms)
 GET /knowledge/faq/import 200 in 24ms (next.js: 5ms, proxy.ts: 3ms, application-code: 16ms)
 GET /knowledge/faq/import 200 in 55ms (next.js: 5ms, proxy.ts: 3ms, application-code: 48ms)
 GET /knowledge/faq/import/1e3ef691-a416-4259-8553-4825164972ca 200 in 65ms (next.js: 30ms, proxy.ts: 3ms, application-code: 32ms)
 GET /knowledge/faq/import 200 in 59ms (next.js: 5ms, proxy.ts: 4ms, application-code: 50ms)
 GET /knowledge/faq/import/1e3ef691-a416-4259-8553-4825164972ca 200 in 66ms (next.js: 30ms, proxy.ts: 3ms, application-code: 33ms)
 GET /knowledge/faq/import 200 in 62ms (next.js: 4ms, proxy.ts: 3ms, application-code: 55ms)
 GET /knowledge/faq/import/1e3ef691-a416-4259-8553-4825164972ca 200 in 67ms (next.js: 26ms, proxy.ts: 3ms, application-code: 39ms)
 GET /knowledge/faq/import 200 in 58ms (next.js: 4ms, proxy.ts: 3ms, application-code: 51ms)
 GET /knowledge/faq/import/1e3ef691-a416-4259-8553-4825164972ca 200 in 61ms (next.js: 28ms, proxy.ts: 3ms, application-code: 30ms)
 GET /knowledge/faq/import 200 in 55ms (next.js: 5ms, proxy.ts: 4ms, application-code: 45ms)
 GET /knowledge/faq/import/1e3ef691-a416-4259-8553-4825164972ca 200 in 60ms (next.js: 26ms, proxy.ts: 3ms, application-code: 30ms)
 GET /knowledge/faq/import 200 in 65ms (next.js: 5ms, proxy.ts: 5ms, application-code: 55ms)
 GET /knowledge/faq/import/1e3ef691-a416-4259-8553-4825164972ca 200 in 69ms (next.js: 30ms, proxy.ts: 5ms, application-code: 34ms)
 GET /knowledge/faq/import/1e3ef691-a416-4259-8553-4825164972ca 200 in 44ms (next.js: 9ms, proxy.ts: 3ms, application-code: 33ms)
 POST /knowledge/faq/import 200 in 863ms (next.js: 4ms, proxy.ts: 3ms, application-code: 855ms)
  └─ ƒ previewFaqImport({}) in 822ms src/lib/server/actions/faq-import.ts
 GET /knowledge/faq/import 200 in 47ms (next.js: 6ms, proxy.ts: 4ms, application-code: 37ms)
 GET /knowledge/faq/import/82ccf83a-baf6-4288-be70-a5a00b52d075 200 in 55ms (next.js: 27ms, proxy.ts: 6ms, application-code: 22ms)
 GET /knowledge/faq/import/1e3ef691-a416-4259-8553-4825164972ca 200 in 68ms (next.js: 27ms, proxy.ts: 3ms, application-code: 38ms)
 GET /knowledge/faq/import/82ccf83a-baf6-4288-be70-a5a00b52d075 200 in 69ms (next.js: 12ms, proxy.ts: 3ms, application-code: 53ms)
 GET /knowledge/faq/import/82ccf83a-baf6-4288-be70-a5a00b52d075 200 in 64ms (next.js: 11ms, proxy.ts: 4ms, application-code: 48ms)
 GET /knowledge/faq/import/1e3ef691-a416-4259-8553-4825164972ca 200 in 63ms (next.js: 24ms, proxy.ts: 3ms, application-code: 36ms)
 GET /knowledge/faq/import/1e3ef691-a416-4259-8553-4825164972ca 200 in 62ms (next.js: 23ms, proxy.ts: 4ms, application-code: 35ms)
 GET /knowledge/faq/import/82ccf83a-baf6-4288-be70-a5a00b52d075 200 in 63ms (next.js: 10ms, proxy.ts: 4ms, application-code: 49ms)
 GET /knowledge/faq/import/82ccf83a-baf6-4288-be70-a5a00b52d075 200 in 66ms (next.js: 12ms, proxy.ts: 4ms, application-code: 50ms)
 GET /knowledge/faq/import/1e3ef691-a416-4259-8553-4825164972ca 200 in 65ms (next.js: 25ms, proxy.ts: 3ms, application-code: 36ms)
 GET /knowledge/faq/import/1e3ef691-a416-4259-8553-4825164972ca 200 in 70ms (next.js: 24ms, proxy.ts: 3ms, application-code: 43ms)
 GET /knowledge/faq/import/82ccf83a-baf6-4288-be70-a5a00b52d075 200 in 72ms (next.js: 11ms, proxy.ts: 4ms, application-code: 57ms)
 GET /knowledge/faq/import/82ccf83a-baf6-4288-be70-a5a00b52d075 200 in 59ms (next.js: 11ms, proxy.ts: 4ms, application-code: 45ms)
 GET /knowledge/faq/import/1e3ef691-a416-4259-8553-4825164972ca 200 in 59ms (next.js: 23ms, proxy.ts: 3ms, application-code: 32ms)
 GET /knowledge/faq/import/82ccf83a-baf6-4288-be70-a5a00b52d075 200 in 63ms (next.js: 11ms, proxy.ts: 3ms, application-code: 49ms)
 GET /knowledge/faq/import/1e3ef691-a416-4259-8553-4825164972ca 200 in 63ms (next.js: 24ms, proxy.ts: 3ms, application-code: 36ms)
 POST /knowledge/faq/import/82ccf83a-baf6-4288-be70-a5a00b52d075 200 in 606ms (next.js: 4ms, proxy.ts: 3ms, application-code: 600ms)
  └─ ƒ commitFaqImport({"batchId":"82ccf83a-baf6-4288-be70-a5a00b52d075","categories":{"PKL":"[Object]"},"duplicates":{}}) in 545ms src/lib/server/actions/faq-import.ts
 GET /knowledge/faq/import-history 200 in 49ms (next.js: 4ms, proxy.ts: 3ms, application-code: 42ms)
 GET /knowledge/faq/import-history 200 in 36ms (next.js: 6ms, proxy.ts: 4ms, application-code: 26ms)
 GET /knowledge/faq/import-history 200 in 65ms (next.js: 4ms, proxy.ts: 3ms, application-code: 58ms)
 GET /knowledge/faq/import/1e3ef691-a416-4259-8553-4825164972ca 200 in 65ms (next.js: 25ms, proxy.ts: 3ms, application-code: 37ms)
 GET /knowledge/faq/import-history 200 in 67ms (next.js: 5ms, proxy.ts: 4ms, application-code: 58ms)
 GET /knowledge/faq/import/1e3ef691-a416-4259-8553-4825164972ca 200 in 66ms (next.js: 26ms, proxy.ts: 4ms, application-code: 37ms)
 GET /knowledge/faq/import-history 200 in 67ms (next.js: 5ms, proxy.ts: 4ms, application-code: 58ms)
 GET /knowledge/faq/import/1e3ef691-a416-4259-8553-4825164972ca 200 in 72ms (next.js: 36ms, proxy.ts: 3ms, application-code: 33ms)
 GET /knowledge/faq/import-history 200 in 67ms (next.js: 5ms, proxy.ts: 3ms, application-code: 59ms)
 GET /knowledge/faq/import/1e3ef691-a416-4259-8553-4825164972ca 200 in 67ms (next.js: 27ms, proxy.ts: 3ms, application-code: 37ms)
 GET /knowledge/faq/import-history 200 in 63ms (next.js: 4ms, proxy.ts: 4ms, application-code: 55ms)
 GET /knowledge/faq/import/1e3ef691-a416-4259-8553-4825164972ca 200 in 62ms (next.js: 26ms, proxy.ts: 3ms, application-code: 33ms)
 GET /knowledge/faq/import-history 200 in 71ms (next.js: 3ms, proxy.ts: 3ms, application-code: 65ms)
 GET /knowledge/faq/import/1e3ef691-a416-4259-8553-4825164972ca 200 in 72ms (next.js: 28ms, proxy.ts: 3ms, application-code: 41ms)
 GET /knowledge/faq/import-history 200 in 62ms (next.js: 4ms, proxy.ts: 4ms, application-code: 55ms)
 GET /knowledge/faq/import/1e3ef691-a416-4259-8553-4825164972ca 200 in 63ms (next.js: 29ms, proxy.ts: 3ms, application-code: 31ms)
 GET /knowledge/faq/import-history 200 in 61ms (next.js: 4ms, proxy.ts: 3ms, application-code: 53ms)
 GET /knowledge/faq/import/1e3ef691-a416-4259-8553-4825164972ca 200 in 67ms (next.js: 30ms, proxy.ts: 3ms, application-code: 34ms)
 GET /knowledge/faq 200 in 47ms (next.js: 4ms, proxy.ts: 3ms, application-code: 40ms)
 GET /knowledge/faq 200 in 36ms (next.js: 4ms, proxy.ts: 2ms, application-code: 30ms)
 GET /knowledge/faq/import/1e3ef691-a416-4259-8553-4825164972ca 200 in 65ms (next.js: 26ms, proxy.ts: 3ms, application-code: 36ms)
 GET /knowledge/faq 200 in 67ms (next.js: 4ms, proxy.ts: 3ms, application-code: 60ms)
 GET /knowledge/faq/import/1e3ef691-a416-4259-8553-4825164972ca 200 in 65ms (next.js: 26ms, proxy.ts: 3ms, application-code: 36ms)
 GET /knowledge/faq 200 in 67ms (next.js: 4ms, proxy.ts: 3ms, application-code: 60ms)
 GET /knowledge/faq/import/1e3ef691-a416-4259-8553-4825164972ca 200 in 73ms (next.js: 29ms, proxy.ts: 3ms, application-code: 41ms)
 GET /knowledge/faq 200 in 75ms (next.js: 5ms, proxy.ts: 4ms, application-code: 67ms)
 GET /knowledge/faq/import/1e3ef691-a416-4259-8553-4825164972ca 200 in 73ms (next.js: 27ms, proxy.ts: 3ms, application-code: 43ms)
 GET /knowledge/faq 200 in 74ms (next.js: 4ms, proxy.ts: 4ms, application-code: 67ms)
 GET /knowledge/faq 200 in 73ms (next.js: 4ms, proxy.ts: 4ms, application-code: 66ms)
 GET /knowledge/faq/import/1e3ef691-a416-4259-8553-4825164972ca 200 in 74ms (next.js: 29ms, proxy.ts: 3ms, application-code: 42ms)
 GET /knowledge/faq/import/1e3ef691-a416-4259-8553-4825164972ca 200 in 71ms (next.js: 28ms, proxy.ts: 4ms, application-code: 39ms)
 GET /knowledge/faq 200 in 74ms (next.js: 6ms, proxy.ts: 5ms, application-code: 64ms)
 GET /knowledge/faq/import/1e3ef691-a416-4259-8553-4825164972ca 200 in 64ms (next.js: 25ms, proxy.ts: 3ms, application-code: 36ms)
 GET /knowledge/faq 200 in 65ms (next.js: 4ms, proxy.ts: 4ms, application-code: 58ms)
 GET /knowledge/faq/import/1e3ef691-a416-4259-8553-4825164972ca 200 in 64ms (next.js: 25ms, proxy.ts: 3ms, application-code: 36ms)
 GET /knowledge/faq 200 in 65ms (next.js: 4ms, proxy.ts: 3ms, application-code: 58ms)
 GET /knowledge/faq/import/1e3ef691-a416-4259-8553-4825164972ca 200 in 67ms (next.js: 31ms, proxy.ts: 3ms, application-code: 34ms)
 GET /knowledge/faq 200 in 69ms (next.js: 5ms, proxy.ts: 3ms, application-code: 61ms)
 GET /knowledge/faq/import/1e3ef691-a416-4259-8553-4825164972ca 200 in 68ms (next.js: 27ms, proxy.ts: 4ms, application-code: 38ms)
 GET /knowledge/faq 200 in 70ms (next.js: 4ms, proxy.ts: 4ms, application-code: 62ms)
 GET /knowledge/faq/import/1e3ef691-a416-4259-8553-4825164972ca 200 in 76ms (next.js: 25ms, proxy.ts: 4ms, application-code: 47ms)
 GET /knowledge/faq 200 in 78ms (next.js: 4ms, proxy.ts: 5ms, application-code: 69ms)
 GET /knowledge/faq/import/1e3ef691-a416-4259-8553-4825164972ca 200 in 66ms (next.js: 25ms, proxy.ts: 3ms, application-code: 38ms)
 GET /knowledge/faq 200 in 69ms (next.js: 5ms, proxy.ts: 4ms, application-code: 60ms)
 GET /knowledge/faq/import/1e3ef691-a416-4259-8553-4825164972ca 200 in 63ms (next.js: 24ms, proxy.ts: 3ms, application-code: 36ms)
 GET /knowledge/faq 200 in 64ms (next.js: 4ms, proxy.ts: 3ms, application-code: 58ms)
 GET /knowledge/faq/import/1e3ef691-a416-4259-8553-4825164972ca 200 in 44ms (next.js: 7ms, proxy.ts: 2ms, application-code: 34ms)
 GET /knowledge/faq/dbdadaed-604e-4ad5-8168-23a890d6d63c/edit 200 in 551ms (next.js: 508ms, proxy.ts: 3ms, application-code: 40ms)
 GET /knowledge/faq/dbdadaed-604e-4ad5-8168-23a890d6d63c/edit 200 in 51ms (next.js: 14ms, proxy.ts: 5ms, application-code: 31ms)
 GET /knowledge/faq/dbdadaed-604e-4ad5-8168-23a890d6d63c/edit 200 in 68ms (next.js: 11ms, proxy.ts: 4ms, application-code: 52ms)
 GET /knowledge/faq/import/1e3ef691-a416-4259-8553-4825164972ca 200 in 67ms (next.js: 31ms, proxy.ts: 3ms, application-code: 33ms)
 GET /knowledge/faq/dbdadaed-604e-4ad5-8168-23a890d6d63c/edit 200 in 66ms (next.js: 10ms, proxy.ts: 3ms, application-code: 53ms)
 GET /knowledge/faq/import/1e3ef691-a416-4259-8553-4825164972ca 200 in 66ms (next.js: 27ms, proxy.ts: 3ms, application-code: 37ms)
 GET /knowledge/faq/dbdadaed-604e-4ad5-8168-23a890d6d63c/edit 200 in 62ms (next.js: 10ms, proxy.ts: 3ms, application-code: 49ms)
 GET /knowledge/faq/import/1e3ef691-a416-4259-8553-4825164972ca 200 in 63ms (next.js: 26ms, proxy.ts: 3ms, application-code: 33ms)
 GET /knowledge/faq/import/1e3ef691-a416-4259-8553-4825164972ca 200 in 71ms (next.js: 8ms, proxy.ts: 3ms, application-code: 60ms)
 POST /knowledge/faq/dbdadaed-604e-4ad5-8168-23a890d6d63c/edit 200 in 90ms (next.js: 18ms, proxy.ts: 7ms, application-code: 66ms)
  └─ ƒ updateFaq("dbdadaed-604e-4ad5-8168-23a890d6d63c", {}) in 24ms src/lib/server/actions/knowledge.ts
 GET /knowledge/faq/dbdadaed-604e-4ad5-8168-23a890d6d63c/edit 200 in 95ms (next.js: 22ms, proxy.ts: 4ms, application-code: 69ms)
 GET /knowledge/faq 200 in 102ms (next.js: 5ms, proxy.ts: 3ms, application-code: 95ms)
 GET /knowledge/faq 200 in 67ms (next.js: 7ms, proxy.ts: 28ms, application-code: 32ms)
 GET /knowledge/faq/import/1e3ef691-a416-4259-8553-4825164972ca 200 in 73ms (next.js: 28ms, proxy.ts: 3ms, application-code: 42ms)
 GET /knowledge/faq 200 in 74ms (next.js: 4ms, proxy.ts: 3ms, application-code: 67ms)
 GET /knowledge/faq/import/1e3ef691-a416-4259-8553-4825164972ca 200 in 64ms (next.js: 25ms, proxy.ts: 3ms, application-code: 36ms)
 GET /knowledge/faq 200 in 67ms (next.js: 4ms, proxy.ts: 4ms, application-code: 59ms)
 GET /knowledge/faq/import/1e3ef691-a416-4259-8553-4825164972ca 200 in 66ms (next.js: 24ms, proxy.ts: 3ms, application-code: 39ms)
 GET /knowledge/faq 200 in 68ms (next.js: 4ms, proxy.ts: 3ms, application-code: 61ms)
 GET /knowledge/faq/import/1e3ef691-a416-4259-8553-4825164972ca 200 in 80ms (next.js: 36ms, proxy.ts: 3ms, application-code: 41ms)
 GET /knowledge/faq 200 in 82ms (next.js: 5ms, proxy.ts: 4ms, application-code: 73ms)
 GET /knowledge/faq/import/1e3ef691-a416-4259-8553-4825164972ca 200 in 38ms (next.js: 8ms, proxy.ts: 2ms, application-code: 28ms)
 POST /knowledge/faq 200 in 828ms (next.js: 4ms, proxy.ts: 3ms, application-code: 822ms)
  └─ ƒ drainEmbeddingQueue(20) in 717ms src/lib/server/actions/faq-import.ts
 GET /knowledge/faq 200 in 81ms (next.js: 4ms, proxy.ts: 9ms, application-code: 69ms)
 GET /knowledge/faq 200 in 55ms (next.js: 7ms, proxy.ts: 5ms, application-code: 43ms)
 GET /knowledge/faq/import/1e3ef691-a416-4259-8553-4825164972ca 200 in 77ms (next.js: 28ms, proxy.ts: 3ms, application-code: 46ms)
 GET /knowledge/faq 200 in 79ms (next.js: 4ms, proxy.ts: 3ms, application-code: 72ms)
 GET /knowledge/faq 200 in 79ms (next.js: 33ms, proxy.ts: 4ms, application-code: 42ms)
 GET /knowledge/faq/import/1e3ef691-a416-4259-8553-4825164972ca 200 in 83ms (next.js: 15ms, proxy.ts: 3ms, application-code: 64ms)
 GET /knowledge/faq/import/1e3ef691-a416-4259-8553-4825164972ca 200 in 74ms (next.js: 27ms, proxy.ts: 11ms, application-code: 36ms)
 GET /knowledge/faq 200 in 75ms (next.js: 5ms, proxy.ts: 11ms, application-code: 60ms)
 GET /knowledge/faq/import/1e3ef691-a416-4259-8553-4825164972ca 200 in 70ms (next.js: 29ms, proxy.ts: 3ms, application-code: 38ms)
 GET /knowledge/faq 200 in 72ms (next.js: 5ms, proxy.ts: 4ms, application-code: 63ms)
 GET /knowledge/faq/import/1e3ef691-a416-4259-8553-4825164972ca 200 in 85ms (next.js: 29ms, proxy.ts: 3ms, application-code: 53ms)
 GET /knowledge/faq 200 in 87ms (next.js: 4ms, proxy.ts: 3ms, application-code: 79ms)
 GET /knowledge/faq/import/1e3ef691-a416-4259-8553-4825164972ca 200 in 75ms (next.js: 34ms, proxy.ts: 3ms, application-code: 38ms)
 GET /knowledge/faq 200 in 76ms (next.js: 4ms, proxy.ts: 3ms, application-code: 69ms)
 GET /knowledge/faq/import/1e3ef691-a416-4259-8553-4825164972ca 200 in 65ms (next.js: 25ms, proxy.ts: 3ms, application-code: 37ms)
 GET /knowledge/faq 200 in 67ms (next.js: 4ms, proxy.ts: 4ms, application-code: 59ms)
 GET /knowledge/faq/import/1e3ef691-a416-4259-8553-4825164972ca 200 in 66ms (next.js: 25ms, proxy.ts: 3ms, application-code: 38ms)
 GET /knowledge/faq 200 in 69ms (next.js: 5ms, proxy.ts: 4ms, application-code: 61ms)
 GET /knowledge/faq/import/1e3ef691-a416-4259-8553-4825164972ca 200 in 73ms (next.js: 34ms, proxy.ts: 3ms, application-code: 36ms)
 GET /knowledge/faq 200 in 76ms (next.js: 5ms, proxy.ts: 4ms, application-code: 67ms)
 GET /knowledge/faq 200 in 68ms (next.js: 4ms, proxy.ts: 4ms, application-code: 60ms)
 GET /knowledge/faq/import/1e3ef691-a416-4259-8553-4825164972ca 200 in 69ms (next.js: 28ms, proxy.ts: 4ms, application-code: 37ms)
 GET /knowledge/faq/import/1e3ef691-a416-4259-8553-4825164972ca 200 in 76ms (next.js: 25ms, proxy.ts: 4ms, application-code: 48ms)
 GET /knowledge/faq 200 in 80ms (next.js: 5ms, proxy.ts: 5ms, application-code: 70ms)
 GET /knowledge/faq/import/1e3ef691-a416-4259-8553-4825164972ca 200 in 79ms (next.js: 27ms, proxy.ts: 3ms, application-code: 49ms)
 GET /knowledge/faq 200 in 82ms (next.js: 4ms, proxy.ts: 4ms, application-code: 74ms)
 GET /knowledge/faq/import/1e3ef691-a416-4259-8553-4825164972ca 200 in 74ms (next.js: 31ms, proxy.ts: 3ms, application-code: 41ms)
 GET /knowledge/faq 200 in 77ms (next.js: 5ms, proxy.ts: 3ms, application-code: 68ms)
 GET /knowledge/faq/import/1e3ef691-a416-4259-8553-4825164972ca 200 in 74ms (next.js: 26ms, proxy.ts: 3ms, application-code: 45ms)
 GET /knowledge/faq 200 in 77ms (next.js: 6ms, proxy.ts: 4ms, application-code: 67ms)
 GET /knowledge/faq/import/1e3ef691-a416-4259-8553-4825164972ca 200 in 80ms (next.js: 34ms, proxy.ts: 3ms, application-code: 43ms)
 GET /knowledge/faq 200 in 83ms (next.js: 5ms, proxy.ts: 4ms, application-code: 74ms)
 GET /knowledge/faq/import/1e3ef691-a416-4259-8553-4825164972ca 200 in 71ms (next.js: 30ms, proxy.ts: 3ms, application-code: 38ms)
 GET /knowledge/faq 200 in 73ms (next.js: 5ms, proxy.ts: 3ms, application-code: 65ms)
 GET /knowledge/faq/import/1e3ef691-a416-4259-8553-4825164972ca 200 in 79ms (next.js: 26ms, proxy.ts: 4ms, application-code: 50ms)
 GET /knowledge/faq 200 in 81ms (next.js: 5ms, proxy.ts: 4ms, application-code: 71ms)
 GET /knowledge/faq/import/1e3ef691-a416-4259-8553-4825164972ca 200 in 66ms (next.js: 24ms, proxy.ts: 3ms, application-code: 39ms)
 GET /knowledge/faq 200 in 67ms (next.js: 3ms, proxy.ts: 3ms, application-code: 61ms)
 GET /knowledge/faq/import/1e3ef691-a416-4259-8553-4825164972ca 200 in 66ms (next.js: 28ms, proxy.ts: 3ms, application-code: 35ms)
 GET /knowledge/faq 200 in 68ms (next.js: 4ms, proxy.ts: 3ms, application-code: 60ms)
 GET /knowledge/faq/import/1e3ef691-a416-4259-8553-4825164972ca 200 in 74ms (next.js: 33ms, proxy.ts: 3ms, application-code: 39ms)
 GET /knowledge/faq 200 in 76ms (next.js: 5ms, proxy.ts: 3ms, application-code: 68ms)
 GET /knowledge/faq/import/1e3ef691-a416-4259-8553-4825164972ca 200 in 66ms (next.js: 28ms, proxy.ts: 3ms, application-code: 35ms)
 GET /knowledge/faq 200 in 68ms (next.js: 5ms, proxy.ts: 4ms, application-code: 60ms)
 GET /knowledge/faq/import/1e3ef691-a416-4259-8553-4825164972ca 200 in 66ms (next.js: 27ms, proxy.ts: 3ms, application-code: 37ms)
 GET /knowledge/faq 200 in 68ms (next.js: 4ms, proxy.ts: 4ms, application-code: 60ms)
 GET /knowledge/faq/import/1e3ef691-a416-4259-8553-4825164972ca 200 in 96ms (next.js: 40ms, proxy.ts: 10ms, application-code: 46ms)
 GET /knowledge/faq 200 in 98ms (next.js: 6ms, proxy.ts: 10ms, application-code: 83ms)
 GET /knowledge/faq/import/1e3ef691-a416-4259-8553-4825164972ca 200 in 68ms (next.js: 30ms, proxy.ts: 3ms, application-code: 35ms)
 GET /knowledge/faq 200 in 69ms (next.js: 5ms, proxy.ts: 3ms, application-code: 61ms)
 GET /knowledge/faq/import/1e3ef691-a416-4259-8553-4825164972ca 200 in 68ms (next.js: 27ms, proxy.ts: 4ms, application-code: 37ms)
 GET /knowledge/faq 200 in 71ms (next.js: 5ms, proxy.ts: 5ms, application-code: 61ms)
 GET /knowledge/faq/import/1e3ef691-a416-4259-8553-4825164972ca 200 in 64ms (next.js: 24ms, proxy.ts: 3ms, application-code: 37ms)
 GET /knowledge/faq 200 in 66ms (next.js: 4ms, proxy.ts: 3ms, application-code: 59ms)
 GET /knowledge/faq/import/1e3ef691-a416-4259-8553-4825164972ca 200 in 70ms (next.js: 31ms, proxy.ts: 3ms, application-code: 35ms)
 GET /knowledge/faq 200 in 71ms (next.js: 4ms, proxy.ts: 3ms, application-code: 63ms)
 GET /knowledge/faq/import/1e3ef691-a416-4259-8553-4825164972ca 200 in 69ms (next.js: 28ms, proxy.ts: 4ms, application-code: 37ms)
 GET /knowledge/faq 200 in 70ms (next.js: 4ms, proxy.ts: 4ms, application-code: 62ms)
 GET /knowledge/faq 200 in 77ms (next.js: 5ms, proxy.ts: 4ms, application-code: 68ms)
 GET /knowledge/faq/import/1e3ef691-a416-4259-8553-4825164972ca 200 in 75ms (next.js: 26ms, proxy.ts: 3ms, application-code: 46ms)
 GET /knowledge/faq 200 in 70ms (next.js: 5ms, proxy.ts: 3ms, application-code: 62ms)
 GET /knowledge/faq/import/1e3ef691-a416-4259-8553-4825164972ca 200 in 69ms (next.js: 28ms, proxy.ts: 3ms, application-code: 38ms)
 GET /knowledge/faq/import/1e3ef691-a416-4259-8553-4825164972ca 200 in 144ms (next.js: 39ms, proxy.ts: 4ms, application-code: 102ms)
 GET /knowledge/faq 200 in 147ms (next.js: 5ms, proxy.ts: 4ms, application-code: 137ms)
 GET /knowledge/faq/import/1e3ef691-a416-4259-8553-4825164972ca 200 in 80ms (next.js: 32ms, proxy.ts: 4ms, application-code: 44ms)
 GET /knowledge/faq 200 in 82ms (next.js: 5ms, proxy.ts: 4ms, application-code: 73ms)
 GET /knowledge/faq/import/1e3ef691-a416-4259-8553-4825164972ca 200 in 72ms (next.js: 27ms, proxy.ts: 3ms, application-code: 42ms)
 GET /knowledge/faq 200 in 75ms (next.js: 5ms, proxy.ts: 4ms, application-code: 66ms)
 GET /knowledge/faq/import/1e3ef691-a416-4259-8553-4825164972ca 200 in 74ms (next.js: 30ms, proxy.ts: 3ms, application-code: 41ms)
 GET /knowledge/faq 200 in 76ms (next.js: 5ms, proxy.ts: 4ms, application-code: 68ms)
 GET /knowledge/faq/import/1e3ef691-a416-4259-8553-4825164972ca 200 in 72ms (next.js: 28ms, proxy.ts: 3ms, application-code: 41ms)
 GET /knowledge/faq 200 in 74ms (next.js: 4ms, proxy.ts: 3ms, application-code: 66ms)
 GET /knowledge/faq/import/1e3ef691-a416-4259-8553-4825164972ca 200 in 76ms (next.js: 33ms, proxy.ts: 3ms, application-code: 40ms)
 GET /knowledge/faq 200 in 78ms (next.js: 5ms, proxy.ts: 4ms, application-code: 70ms)
 GET /knowledge/faq/import/1e3ef691-a416-4259-8553-4825164972ca 200 in 72ms (next.js: 28ms, proxy.ts: 3ms, application-code: 41ms)
 GET /knowledge/faq 200 in 74ms (next.js: 3ms, proxy.ts: 4ms, application-code: 67ms)
 GET /knowledge/faq 200 in 73ms (next.js: 4ms, proxy.ts: 3ms, application-code: 66ms)
 GET /knowledge/faq/import/1e3ef691-a416-4259-8553-4825164972ca 200 in 73ms (next.js: 29ms, proxy.ts: 3ms, application-code: 40ms)
 GET /knowledge/faq/import/1e3ef691-a416-4259-8553-4825164972ca 200 in 68ms (next.js: 29ms, proxy.ts: 3ms, application-code: 37ms)
 GET /knowledge/faq 200 in 70ms (next.js: 4ms, proxy.ts: 3ms, application-code: 62ms)
 GET /knowledge/faq/import/1e3ef691-a416-4259-8553-4825164972ca 200 in 69ms (next.js: 26ms, proxy.ts: 3ms, application-code: 40ms)
 GET /knowledge/faq 200 in 71ms (next.js: 4ms, proxy.ts: 3ms, application-code: 64ms)
 GET /knowledge/faq/import/1e3ef691-a416-4259-8553-4825164972ca 200 in 77ms (next.js: 27ms, proxy.ts: 6ms, application-code: 44ms)
 GET /knowledge/faq 200 in 79ms (next.js: 6ms, proxy.ts: 6ms, application-code: 67ms)
 GET /knowledge/faq/import/1e3ef691-a416-4259-8553-4825164972ca 200 in 66ms (next.js: 26ms, proxy.ts: 3ms, application-code: 37ms)
 GET /knowledge/faq 200 in 68ms (next.js: 3ms, proxy.ts: 3ms, application-code: 61ms)
 GET /knowledge/faq/import/1e3ef691-a416-4259-8553-4825164972ca 200 in 75ms (next.js: 35ms, proxy.ts: 3ms, application-code: 37ms)
 GET /knowledge/faq 200 in 77ms (next.js: 4ms, proxy.ts: 3ms, application-code: 69ms)
 GET /knowledge/faq/import/1e3ef691-a416-4259-8553-4825164972ca 200 in 73ms (next.js: 28ms, proxy.ts: 3ms, application-code: 43ms)
 GET /knowledge/faq 200 in 74ms (next.js: 3ms, proxy.ts: 3ms, application-code: 68ms)
 GET /knowledge/faq/import/1e3ef691-a416-4259-8553-4825164972ca 200 in 65ms (next.js: 26ms, proxy.ts: 3ms, application-code: 36ms)
 GET /knowledge/faq 200 in 66ms (next.js: 4ms, proxy.ts: 3ms, application-code: 60ms)
 GET /knowledge/faq/import/1e3ef691-a416-4259-8553-4825164972ca 200 in 83ms (next.js: 41ms, proxy.ts: 3ms, application-code: 39ms)
 GET /knowledge/faq 200 in 85ms (next.js: 5ms, proxy.ts: 4ms, application-code: 77ms)
 GET /knowledge/faq/import/1e3ef691-a416-4259-8553-4825164972ca 200 in 70ms (next.js: 31ms, proxy.ts: 3ms, application-code: 35ms)
 GET /knowledge/faq 200 in 71ms (next.js: 4ms, proxy.ts: 3ms, application-code: 64ms)
 GET /knowledge/faq/import/1e3ef691-a416-4259-8553-4825164972ca 200 in 66ms (next.js: 26ms, proxy.ts: 3ms, application-code: 36ms)
 GET /knowledge/faq 200 in 67ms (next.js: 4ms, proxy.ts: 4ms, application-code: 59ms)
 GET /knowledge/faq/import/1e3ef691-a416-4259-8553-4825164972ca 200 in 73ms (next.js: 27ms, proxy.ts: 3ms, application-code: 42ms)
 GET /knowledge/faq 200 in 73ms (next.js: 4ms, proxy.ts: 3ms, application-code: 66ms)
 GET /knowledge/faq 200 in 76ms (next.js: 4ms, proxy.ts: 3ms, application-code: 68ms)
 GET /knowledge/faq/import/1e3ef691-a416-4259-8553-4825164972ca 200 in 75ms (next.js: 37ms, proxy.ts: 3ms, application-code: 35ms)
 GET /knowledge/faq/import/1e3ef691-a416-4259-8553-4825164972ca 200 in 71ms (next.js: 25ms, proxy.ts: 3ms, application-code: 43ms)
 GET /knowledge/faq 200 in 72ms (next.js: 3ms, proxy.ts: 3ms, application-code: 66ms)
 GET /knowledge/faq/import/1e3ef691-a416-4259-8553-4825164972ca 200 in 80ms (next.js: 26ms, proxy.ts: 3ms, application-code: 51ms)
 GET /knowledge/faq 200 in 82ms (next.js: 3ms, proxy.ts: 3ms, application-code: 75ms)
 GET /knowledge/faq/import/1e3ef691-a416-4259-8553-4825164972ca 200 in 65ms (next.js: 25ms, proxy.ts: 3ms, application-code: 38ms)
 GET /knowledge/faq 200 in 67ms (next.js: 4ms, proxy.ts: 3ms, application-code: 60ms)
 GET /knowledge/faq/import/1e3ef691-a416-4259-8553-4825164972ca 200 in 68ms (next.js: 28ms, proxy.ts: 3ms, application-code: 37ms)
 GET /knowledge/faq 200 in 71ms (next.js: 4ms, proxy.ts: 4ms, application-code: 63ms)
 GET /knowledge/faq/import/1e3ef691-a416-4259-8553-4825164972ca 200 in 74ms (next.js: 26ms, proxy.ts: 3ms, application-code: 46ms)
 GET /knowledge/faq 200 in 76ms (next.js: 4ms, proxy.ts: 3ms, application-code: 69ms)
 GET /knowledge/faq 200 in 66ms (next.js: 3ms, proxy.ts: 3ms, application-code: 59ms)
 GET /knowledge/faq/import/1e3ef691-a416-4259-8553-4825164972ca 200 in 66ms (next.js: 28ms, proxy.ts: 3ms, application-code: 36ms)
 GET /knowledge/faq/import/1e3ef691-a416-4259-8553-4825164972ca 200 in 117ms (next.js: 73ms, proxy.ts: 4ms, application-code: 40ms)
 GET /knowledge/faq 200 in 119ms (next.js: 57ms, proxy.ts: 4ms, application-code: 58ms)
 GET /knowledge/faq/import/1e3ef691-a416-4259-8553-4825164972ca 200 in 74ms (next.js: 27ms, proxy.ts: 3ms, application-code: 44ms)
 GET /knowledge/faq 200 in 76ms (next.js: 4ms, proxy.ts: 3ms, application-code: 68ms)
 GET /knowledge/faq 200 in 75ms (next.js: 4ms, proxy.ts: 4ms, application-code: 67ms)
 GET /knowledge/faq/import/1e3ef691-a416-4259-8553-4825164972ca 200 in 76ms (next.js: 30ms, proxy.ts: 3ms, application-code: 43ms)
 GET /knowledge/faq/import/1e3ef691-a416-4259-8553-4825164972ca 200 in 67ms (next.js: 26ms, proxy.ts: 3ms, application-code: 38ms)
 GET /knowledge/faq 200 in 69ms (next.js: 4ms, proxy.ts: 3ms, application-code: 62ms)
 GET /knowledge/faq/import/1e3ef691-a416-4259-8553-4825164972ca 200 in 74ms (next.js: 28ms, proxy.ts: 3ms, application-code: 43ms)
 GET /knowledge/faq 200 in 76ms (next.js: 3ms, proxy.ts: 3ms, application-code: 69ms)
 GET /knowledge/faq 200 in 67ms (next.js: 4ms, proxy.ts: 3ms, application-code: 60ms)
 GET /knowledge/faq/import/1e3ef691-a416-4259-8553-4825164972ca 200 in 67ms (next.js: 28ms, proxy.ts: 3ms, application-code: 36ms)
 GET /knowledge/faq/import/1e3ef691-a416-4259-8553-4825164972ca 200 in 70ms (next.js: 29ms, proxy.ts: 3ms, application-code: 38ms)
 GET /knowledge/faq 200 in 71ms (next.js: 4ms, proxy.ts: 3ms, application-code: 64ms)
 GET /knowledge/faq/import/1e3ef691-a416-4259-8553-4825164972ca 200 in 75ms (next.js: 29ms, proxy.ts: 3ms, application-code: 43ms)
 GET /knowledge/faq 200 in 76ms (next.js: 3ms, proxy.ts: 3ms, application-code: 69ms)
 GET /knowledge/faq/import/1e3ef691-a416-4259-8553-4825164972ca 200 in 73ms (next.js: 28ms, proxy.ts: 8ms, application-code: 36ms)
 GET /knowledge/faq 200 in 74ms (next.js: 5ms, proxy.ts: 9ms, application-code: 61ms)
 GET /knowledge/faq/import/1e3ef691-a416-4259-8553-4825164972ca 200 in 65ms (next.js: 26ms, proxy.ts: 3ms, application-code: 37ms)
 GET /knowledge/faq 200 in 68ms (next.js: 4ms, proxy.ts: 3ms, application-code: 60ms)
 GET /knowledge/faq/import/1e3ef691-a416-4259-8553-4825164972ca 200 in 74ms (next.js: 27ms, proxy.ts: 3ms, application-code: 44ms)
 GET /knowledge/faq 200 in 75ms (next.js: 4ms, proxy.ts: 3ms, application-code: 68ms)
 GET /knowledge/faq/import/1e3ef691-a416-4259-8553-4825164972ca 200 in 67ms (next.js: 26ms, proxy.ts: 3ms, application-code: 39ms)
 GET /knowledge/faq 200 in 69ms (next.js: 4ms, proxy.ts: 3ms, application-code: 62ms)
 GET /knowledge/faq/import/1e3ef691-a416-4259-8553-4825164972ca 200 in 67ms (next.js: 28ms, proxy.ts: 3ms, application-code: 36ms)
 GET /knowledge/faq 200 in 68ms (next.js: 4ms, proxy.ts: 3ms, application-code: 62ms)
 GET /knowledge/faq/import/1e3ef691-a416-4259-8553-4825164972ca 200 in 74ms (next.js: 27ms, proxy.ts: 3ms, application-code: 45ms)
 GET /knowledge/faq 200 in 77ms (next.js: 4ms, proxy.ts: 3ms, application-code: 69ms)
 GET /knowledge/faq/import/1e3ef691-a416-4259-8553-4825164972ca 200 in 67ms (next.js: 28ms, proxy.ts: 3ms, application-code: 36ms)
 GET /knowledge/faq 200 in 69ms (next.js: 4ms, proxy.ts: 3ms, application-code: 63ms)
 GET /knowledge/faq/import/1e3ef691-a416-4259-8553-4825164972ca 200 in 68ms (next.js: 29ms, proxy.ts: 3ms, application-code: 35ms)
 GET /knowledge/faq 200 in 69ms (next.js: 3ms, proxy.ts: 3ms, application-code: 63ms)
 GET /knowledge/faq/import/1e3ef691-a416-4259-8553-4825164972ca 200 in 78ms (next.js: 29ms, proxy.ts: 3ms, application-code: 45ms)
 GET /knowledge/faq 200 in 79ms (next.js: 5ms, proxy.ts: 3ms, application-code: 71ms)
 GET /knowledge/faq/import/1e3ef691-a416-4259-8553-4825164972ca 200 in 70ms (next.js: 29ms, proxy.ts: 3ms, application-code: 38ms)
 GET /knowledge/faq 200 in 71ms (next.js: 4ms, proxy.ts: 3ms, application-code: 65ms)
 GET /knowledge/faq/import/1e3ef691-a416-4259-8553-4825164972ca 200 in 72ms (next.js: 28ms, proxy.ts: 3ms, application-code: 41ms)
 GET /knowledge/faq 200 in 74ms (next.js: 4ms, proxy.ts: 3ms, application-code: 67ms)
 GET /knowledge/faq/import/1e3ef691-a416-4259-8553-4825164972ca 200 in 74ms (next.js: 27ms, proxy.ts: 3ms, application-code: 44ms)
 GET /knowledge/faq 200 in 75ms (next.js: 5ms, proxy.ts: 3ms, application-code: 67ms)
 GET /knowledge/faq/import/1e3ef691-a416-4259-8553-4825164972ca 200 in 67ms (next.js: 29ms, proxy.ts: 3ms, application-code: 35ms)
 GET /knowledge/faq 200 in 69ms (next.js: 4ms, proxy.ts: 3ms, application-code: 62ms)
 GET /knowledge/faq/import/1e3ef691-a416-4259-8553-4825164972ca 200 in 68ms (next.js: 29ms, proxy.ts: 3ms, application-code: 36ms)
 GET /knowledge/faq 200 in 69ms (next.js: 4ms, proxy.ts: 3ms, application-code: 62ms)
 GET /knowledge/faq/import/1e3ef691-a416-4259-8553-4825164972ca 200 in 77ms (next.js: 29ms, proxy.ts: 3ms, application-code: 46ms)
 GET /knowledge/faq 200 in 78ms (next.js: 4ms, proxy.ts: 3ms, application-code: 72ms)
 GET /knowledge/faq 200 in 67ms (next.js: 4ms, proxy.ts: 3ms, application-code: 60ms)
 GET /knowledge/faq/import/1e3ef691-a416-4259-8553-4825164972ca 200 in 67ms (next.js: 29ms, proxy.ts: 3ms, application-code: 35ms)
 GET /knowledge/faq/import/1e3ef691-a416-4259-8553-4825164972ca 200 in 68ms (next.js: 28ms, proxy.ts: 3ms, application-code: 37ms)
 GET /knowledge/faq 200 in 69ms (next.js: 4ms, proxy.ts: 3ms, application-code: 62ms)
 GET /knowledge/faq 200 in 76ms (next.js: 4ms, proxy.ts: 3ms, application-code: 69ms)
 GET /knowledge/faq/import/1e3ef691-a416-4259-8553-4825164972ca 200 in 76ms (next.js: 28ms, proxy.ts: 3ms, application-code: 45ms)
 GET /knowledge/faq/import/1e3ef691-a416-4259-8553-4825164972ca 200 in 68ms (next.js: 31ms, proxy.ts: 3ms, application-code: 34ms)
 GET /knowledge/faq 200 in 69ms (next.js: 4ms, proxy.ts: 3ms, application-code: 62ms)
 GET /knowledge/faq/import/1e3ef691-a416-4259-8553-4825164972ca 200 in 65ms (next.js: 25ms, proxy.ts: 3ms, application-code: 37ms)
 GET /knowledge/faq 200 in 67ms (next.js: 4ms, proxy.ts: 3ms, application-code: 60ms)
 GET /knowledge/faq/import/1e3ef691-a416-4259-8553-4825164972ca 200 in 78ms (next.js: 28ms, proxy.ts: 3ms, application-code: 48ms)
 GET /knowledge/faq 200 in 80ms (next.js: 6ms, proxy.ts: 3ms, application-code: 71ms)
 GET /knowledge/faq/import/1e3ef691-a416-4259-8553-4825164972ca 200 in 75ms (next.js: 34ms, proxy.ts: 3ms, application-code: 39ms)
 GET /knowledge/faq 200 in 76ms (next.js: 4ms, proxy.ts: 3ms, application-code: 70ms)
 GET /knowledge/faq/import/1e3ef691-a416-4259-8553-4825164972ca 200 in 68ms (next.js: 28ms, proxy.ts: 3ms, application-code: 37ms)
 GET /knowledge/faq 200 in 69ms (next.js: 4ms, proxy.ts: 3ms, application-code: 63ms)
 GET /knowledge/faq/import/1e3ef691-a416-4259-8553-4825164972ca 200 in 72ms (next.js: 30ms, proxy.ts: 3ms, application-code: 39ms)
 GET /knowledge/faq 200 in 74ms (next.js: 6ms, proxy.ts: 3ms, application-code: 65ms)
 GET /knowledge/faq/import/1e3ef691-a416-4259-8553-4825164972ca 200 in 72ms (next.js: 33ms, proxy.ts: 3ms, application-code: 36ms)
 GET /knowledge/faq 200 in 73ms (next.js: 3ms, proxy.ts: 3ms, application-code: 67ms)
 GET /knowledge/faq/import/1e3ef691-a416-4259-8553-4825164972ca 200 in 66ms (next.js: 25ms, proxy.ts: 3ms, application-code: 37ms)
 GET /knowledge/faq 200 in 67ms (next.js: 4ms, proxy.ts: 4ms, application-code: 60ms)
 GET /knowledge/faq/import/1e3ef691-a416-4259-8553-4825164972ca 200 in 74ms (next.js: 27ms, proxy.ts: 3ms, application-code: 45ms)
 GET /knowledge/faq 200 in 76ms (next.js: 3ms, proxy.ts: 3ms, application-code: 70ms)
 GET /knowledge/faq/import/1e3ef691-a416-4259-8553-4825164972ca 200 in 68ms (next.js: 29ms, proxy.ts: 3ms, application-code: 36ms)
 GET /knowledge/faq 200 in 70ms (next.js: 5ms, proxy.ts: 3ms, application-code: 62ms)
 GET /knowledge/faq/import/1e3ef691-a416-4259-8553-4825164972ca 200 in 64ms (next.js: 27ms, proxy.ts: 3ms, application-code: 34ms)
 GET /knowledge/faq 200 in 65ms (next.js: 4ms, proxy.ts: 3ms, application-code: 59ms)
 GET /knowledge/faq/import/1e3ef691-a416-4259-8553-4825164972ca 200 in 76ms (next.js: 26ms, proxy.ts: 3ms, application-code: 47ms)
 GET /knowledge/faq 200 in 77ms (next.js: 4ms, proxy.ts: 3ms, application-code: 70ms)
 GET /knowledge/faq/import/1e3ef691-a416-4259-8553-4825164972ca 200 in 65ms (next.js: 26ms, proxy.ts: 3ms, application-code: 37ms)
 GET /knowledge/faq 200 in 67ms (next.js: 3ms, proxy.ts: 3ms, application-code: 61ms)
 GET /knowledge/faq/import/1e3ef691-a416-4259-8553-4825164972ca 200 in 66ms (next.js: 26ms, proxy.ts: 3ms, application-code: 37ms)
 GET /knowledge/faq 200 in 68ms (next.js: 3ms, proxy.ts: 3ms, application-code: 61ms)
 GET /knowledge/faq/import/1e3ef691-a416-4259-8553-4825164972ca 200 in 73ms (next.js: 27ms, proxy.ts: 3ms, application-code: 43ms)
 GET /knowledge/faq 200 in 74ms (next.js: 4ms, proxy.ts: 3ms, application-code: 68ms)
 GET /knowledge/faq/import/1e3ef691-a416-4259-8553-4825164972ca 200 in 66ms (next.js: 25ms, proxy.ts: 3ms, application-code: 38ms)
 GET /knowledge/faq 200 in 67ms (next.js: 4ms, proxy.ts: 3ms, application-code: 61ms)
 GET /knowledge/faq 200 in 66ms (next.js: 4ms, proxy.ts: 3ms, application-code: 60ms)
 GET /knowledge/faq/import/1e3ef691-a416-4259-8553-4825164972ca 200 in 66ms (next.js: 26ms, proxy.ts: 3ms, application-code: 37ms)
 GET /knowledge/faq/import/1e3ef691-a416-4259-8553-4825164972ca 200 in 74ms (next.js: 26ms, proxy.ts: 3ms, application-code: 45ms)
 GET /knowledge/faq 200 in 75ms (next.js: 4ms, proxy.ts: 4ms, application-code: 67ms)
 GET /knowledge/faq/import/1e3ef691-a416-4259-8553-4825164972ca 200 in 140ms (next.js: 31ms, proxy.ts: 3ms, application-code: 105ms)
 GET /knowledge/faq 200 in 142ms (next.js: 4ms, proxy.ts: 3ms, application-code: 134ms)
 GET /knowledge/faq/import/1e3ef691-a416-4259-8553-4825164972ca 200 in 83ms (next.js: 30ms, proxy.ts: 4ms, application-code: 48ms)
 GET /knowledge/faq 200 in 84ms (next.js: 4ms, proxy.ts: 5ms, application-code: 76ms)
 GET /knowledge/faq/import/1e3ef691-a416-4259-8553-4825164972ca 200 in 72ms (next.js: 29ms, proxy.ts: 3ms, application-code: 41ms)
 GET /knowledge/faq 200 in 74ms (next.js: 4ms, proxy.ts: 3ms, application-code: 67ms)
 GET /knowledge/faq/import/1e3ef691-a416-4259-8553-4825164972ca 200 in 69ms (next.js: 29ms, proxy.ts: 3ms, application-code: 37ms)
 GET /knowledge/faq 200 in 72ms (next.js: 4ms, proxy.ts: 3ms, application-code: 65ms)
 GET /knowledge/faq/import/1e3ef691-a416-4259-8553-4825164972ca 200 in 71ms (next.js: 30ms, proxy.ts: 3ms, application-code: 38ms)
 GET /knowledge/faq 200 in 72ms (next.js: 4ms, proxy.ts: 3ms, application-code: 65ms)
 GET /knowledge/faq/import/1e3ef691-a416-4259-8553-4825164972ca 200 in 77ms (next.js: 33ms, proxy.ts: 3ms, application-code: 41ms)
 GET /knowledge/faq 200 in 78ms (next.js: 4ms, proxy.ts: 3ms, application-code: 71ms)
 GET /knowledge/faq/import/1e3ef691-a416-4259-8553-4825164972ca 200 in 70ms (next.js: 26ms, proxy.ts: 3ms, application-code: 41ms)
 GET /knowledge/faq 200 in 72ms (next.js: 4ms, proxy.ts: 4ms, application-code: 64ms)
 GET /knowledge/faq/import/1e3ef691-a416-4259-8553-4825164972ca 200 in 68ms (next.js: 26ms, proxy.ts: 3ms, application-code: 38ms)
 GET /knowledge/faq 200 in 68ms (next.js: 4ms, proxy.ts: 3ms, application-code: 61ms)
 GET /knowledge/faq/import/1e3ef691-a416-4259-8553-4825164972ca 200 in 74ms (next.js: 35ms, proxy.ts: 3ms, application-code: 36ms)
 GET /knowledge/faq 200 in 75ms (next.js: 4ms, proxy.ts: 3ms, application-code: 68ms)
 GET /knowledge/faq/import/1e3ef691-a416-4259-8553-4825164972ca 200 in 67ms (next.js: 26ms, proxy.ts: 3ms, application-code: 38ms)
 GET /knowledge/faq 200 in 68ms (next.js: 4ms, proxy.ts: 3ms, application-code: 62ms)
 GET /knowledge/faq/import/1e3ef691-a416-4259-8553-4825164972ca 200 in 74ms (next.js: 29ms, proxy.ts: 4ms, application-code: 41ms)
 GET /knowledge/faq 200 in 75ms (next.js: 4ms, proxy.ts: 4ms, application-code: 67ms)
 GET /knowledge/faq/import/1e3ef691-a416-4259-8553-4825164972ca 200 in 73ms (next.js: 25ms, proxy.ts: 3ms, application-code: 45ms)
 GET /knowledge/faq 200 in 74ms (next.js: 3ms, proxy.ts: 3ms, application-code: 68ms)
 GET /knowledge/faq/import/1e3ef691-a416-4259-8553-4825164972ca 200 in 65ms (next.js: 25ms, proxy.ts: 3ms, application-code: 36ms)
 GET /knowledge/faq 200 in 66ms (next.js: 4ms, proxy.ts: 3ms, application-code: 59ms)
 GET /knowledge/faq/import/1e3ef691-a416-4259-8553-4825164972ca 200 in 73ms (next.js: 34ms, proxy.ts: 3ms, application-code: 37ms)
 GET /knowledge/faq 200 in 75ms (next.js: 4ms, proxy.ts: 3ms, application-code: 68ms)
 GET /knowledge/faq/import/1e3ef691-a416-4259-8553-4825164972ca 200 in 70ms (next.js: 27ms, proxy.ts: 3ms, application-code: 40ms)
 GET /knowledge/faq 200 in 71ms (next.js: 4ms, proxy.ts: 4ms, application-code: 64ms)
 GET /knowledge/faq/import/1e3ef691-a416-4259-8553-4825164972ca 200 in 65ms (next.js: 27ms, proxy.ts: 3ms, application-code: 35ms)
 GET /knowledge/faq 200 in 67ms (next.js: 5ms, proxy.ts: 4ms, application-code: 59ms)
 GET /knowledge/faq/import/1e3ef691-a416-4259-8553-4825164972ca 200 in 72ms (next.js: 30ms, proxy.ts: 3ms, application-code: 39ms)
 GET /knowledge/faq 200 in 74ms (next.js: 4ms, proxy.ts: 4ms, application-code: 66ms)
 GET /knowledge/faq/import/1e3ef691-a416-4259-8553-4825164972ca 200 in 72ms (next.js: 25ms, proxy.ts: 3ms, application-code: 44ms)
 GET /knowledge/faq 200 in 74ms (next.js: 4ms, proxy.ts: 3ms, application-code: 67ms)
 GET /knowledge/faq/import/1e3ef691-a416-4259-8553-4825164972ca 200 in 81ms (next.js: 32ms, proxy.ts: 4ms, application-code: 45ms)
 GET /knowledge/faq 200 in 84ms (next.js: 5ms, proxy.ts: 5ms, application-code: 74ms)
 GET /knowledge/faq/import/1e3ef691-a416-4259-8553-4825164972ca 200 in 70ms (next.js: 8ms, proxy.ts: 2ms, application-code: 60ms)
 GET /knowledge/faq 200 in 53ms (next.js: 10ms, proxy.ts: 7ms, application-code: 37ms)
 GET /knowledge/faq/import/1e3ef691-a416-4259-8553-4825164972ca 200 in 74ms (next.js: 26ms, proxy.ts: 3ms, application-code: 45ms)
 GET /knowledge/faq 200 in 76ms (next.js: 4ms, proxy.ts: 3ms, application-code: 69ms)
 GET /knowledge/faq/import/1e3ef691-a416-4259-8553-4825164972ca 200 in 66ms (next.js: 26ms, proxy.ts: 4ms, application-code: 36ms)
 GET /knowledge/faq 200 in 68ms (next.js: 4ms, proxy.ts: 4ms, application-code: 60ms)
 GET /knowledge/faq/import/1e3ef691-a416-4259-8553-4825164972ca 200 in 65ms (next.js: 24ms, proxy.ts: 3ms, application-code: 38ms)
 GET /knowledge/faq 200 in 67ms (next.js: 3ms, proxy.ts: 3ms, application-code: 61ms)
 POST /knowledge/faq 200 in 76ms (next.js: 3ms, proxy.ts: 4ms, application-code: 69ms)
  └─ ƒ bulkFaqAction({"action":"publish","ids":["dbdadaed-604e-4ad5-8168-23a890d6d63c","e0c4a5dc-3ee0-4449-9aa9-418a9c2913c7","e269824f-00c2-4281-9c25-34ca172355ca","... 21 items not stringified"]}) in 29ms src/lib/server/actions/faq-import.ts
 GET /knowledge/faq 200 in 36ms (next.js: 4ms, proxy.ts: 2ms, application-code: 30ms)
 GET /knowledge/faq/import/1e3ef691-a416-4259-8553-4825164972ca 200 in 64ms (next.js: 25ms, proxy.ts: 2ms, application-code: 36ms)
 GET /knowledge/faq 200 in 65ms (next.js: 4ms, proxy.ts: 3ms, application-code: 59ms)
 GET /knowledge/faq/import/1e3ef691-a416-4259-8553-4825164972ca 200 in 69ms (next.js: 28ms, proxy.ts: 3ms, application-code: 38ms)
 GET /knowledge/faq 200 in 70ms (next.js: 4ms, proxy.ts: 3ms, application-code: 63ms)
 GET /knowledge/faq/import/1e3ef691-a416-4259-8553-4825164972ca 200 in 69ms (next.js: 26ms, proxy.ts: 3ms, application-code: 40ms)
 GET /knowledge/faq 200 in 70ms (next.js: 4ms, proxy.ts: 3ms, application-code: 63ms)
 GET /knowledge/faq/import/1e3ef691-a416-4259-8553-4825164972ca 200 in 71ms (next.js: 29ms, proxy.ts: 3ms, application-code: 39ms)
 GET /knowledge/faq 200 in 74ms (next.js: 5ms, proxy.ts: 4ms, application-code: 65ms)
 GET /knowledge/faq/import/1e3ef691-a416-4259-8553-4825164972ca 200 in 74ms (next.js: 26ms, proxy.ts: 4ms, application-code: 45ms)
 GET /knowledge/faq 200 in 76ms (next.js: 4ms, proxy.ts: 4ms, application-code: 67ms)
 GET /knowledge/faq/import/1e3ef691-a416-4259-8553-4825164972ca 200 in 69ms (next.js: 27ms, proxy.ts: 3ms, application-code: 39ms)
 GET /knowledge/faq 200 in 70ms (next.js: 4ms, proxy.ts: 3ms, application-code: 64ms)
 GET /knowledge/faq/import/1e3ef691-a416-4259-8553-4825164972ca 200 in 68ms (next.js: 28ms, proxy.ts: 3ms, application-code: 36ms)
 GET /knowledge/faq 200 in 69ms (next.js: 3ms, proxy.ts: 3ms, application-code: 62ms)
 GET /knowledge/faq/import/1e3ef691-a416-4259-8553-4825164972ca 200 in 73ms (next.js: 23ms, proxy.ts: 3ms, application-code: 47ms)
 GET /knowledge/faq 200 in 74ms (next.js: 4ms, proxy.ts: 3ms, application-code: 68ms)
 GET /knowledge/faq/import/1e3ef691-a416-4259-8553-4825164972ca 200 in 65ms (next.js: 26ms, proxy.ts: 3ms, application-code: 36ms)
 GET /knowledge/faq 200 in 67ms (next.js: 4ms, proxy.ts: 3ms, application-code: 60ms)
 GET /knowledge/faq/import/1e3ef691-a416-4259-8553-4825164972ca 200 in 64ms (next.js: 26ms, proxy.ts: 3ms, application-code: 35ms)
 GET /knowledge/faq 200 in 65ms (next.js: 3ms, proxy.ts: 3ms, application-code: 59ms)
 GET /knowledge/faq/import/1e3ef691-a416-4259-8553-4825164972ca 200 in 76ms (next.js: 28ms, proxy.ts: 3ms, application-code: 46ms)
 GET /knowledge/faq 200 in 78ms (next.js: 3ms, proxy.ts: 3ms, application-code: 71ms)
 GET /knowledge/faq/import/1e3ef691-a416-4259-8553-4825164972ca 200 in 66ms (next.js: 28ms, proxy.ts: 2ms, application-code: 36ms)
 GET /knowledge/faq 200 in 67ms (next.js: 3ms, proxy.ts: 3ms, application-code: 61ms)
 GET /knowledge/faq/import/1e3ef691-a416-4259-8553-4825164972ca 200 in 65ms (next.js: 26ms, proxy.ts: 3ms, application-code: 36ms)
 GET /knowledge/faq 200 in 66ms (next.js: 4ms, proxy.ts: 3ms, application-code: 59ms)
 GET /knowledge/faq 200 in 76ms (next.js: 4ms, proxy.ts: 3ms, application-code: 69ms)
 GET /knowledge/faq/import/1e3ef691-a416-4259-8553-4825164972ca 200 in 76ms (next.js: 27ms, proxy.ts: 3ms, application-code: 46ms)
 GET /knowledge/faq/import/1e3ef691-a416-4259-8553-4825164972ca 200 in 69ms (next.js: 26ms, proxy.ts: 3ms, application-code: 40ms)
 GET /knowledge/faq 200 in 70ms (next.js: 4ms, proxy.ts: 3ms, application-code: 63ms)
 GET /knowledge/faq/import/1e3ef691-a416-4259-8553-4825164972ca 200 in 67ms (next.js: 27ms, proxy.ts: 3ms, application-code: 37ms)
 GET /knowledge/faq 200 in 69ms (next.js: 3ms, proxy.ts: 3ms, application-code: 62ms)
 GET /knowledge/faq/import/1e3ef691-a416-4259-8553-4825164972ca 200 in 82ms (next.js: 29ms, proxy.ts: 3ms, application-code: 50ms)
 GET /knowledge/faq 200 in 83ms (next.js: 4ms, proxy.ts: 3ms, application-code: 76ms)
 GET /knowledge/faq/import/1e3ef691-a416-4259-8553-4825164972ca 200 in 69ms (next.js: 29ms, proxy.ts: 4ms, application-code: 35ms)
 GET /knowledge/faq 200 in 72ms (next.js: 5ms, proxy.ts: 5ms, application-code: 62ms)
 GET /knowledge/faq/import/1e3ef691-a416-4259-8553-4825164972ca 200 in 68ms (next.js: 28ms, proxy.ts: 3ms, application-code: 36ms)
 GET /knowledge/faq 200 in 70ms (next.js: 5ms, proxy.ts: 4ms, application-code: 61ms)
 GET /knowledge/faq/import/1e3ef691-a416-4259-8553-4825164972ca 200 in 77ms (next.js: 27ms, proxy.ts: 3ms, application-code: 47ms)
 GET /knowledge/faq 200 in 78ms (next.js: 4ms, proxy.ts: 3ms, application-code: 71ms)
 GET /knowledge/faq/import/1e3ef691-a416-4259-8553-4825164972ca 200 in 75ms (next.js: 35ms, proxy.ts: 3ms, application-code: 36ms)
 GET /knowledge/faq 200 in 76ms (next.js: 4ms, proxy.ts: 3ms, application-code: 69ms)
 GET /knowledge/faq/import/1e3ef691-a416-4259-8553-4825164972ca 200 in 63ms (next.js: 24ms, proxy.ts: 3ms, application-code: 36ms)
 GET /knowledge/faq 200 in 64ms (next.js: 3ms, proxy.ts: 3ms, application-code: 58ms)
 GET /knowledge/faq/import/1e3ef691-a416-4259-8553-4825164972ca 200 in 66ms (next.js: 27ms, proxy.ts: 3ms, application-code: 36ms)
 GET /knowledge/faq 200 in 67ms (next.js: 4ms, proxy.ts: 3ms, application-code: 60ms)
 GET /knowledge/faq/import/1e3ef691-a416-4259-8553-4825164972ca 200 in 71ms (next.js: 31ms, proxy.ts: 3ms, application-code: 38ms)
 GET /knowledge/faq 200 in 72ms (next.js: 4ms, proxy.ts: 3ms, application-code: 66ms)
 GET /knowledge/faq/import/1e3ef691-a416-4259-8553-4825164972ca 200 in 65ms (next.js: 23ms, proxy.ts: 2ms, application-code: 39ms)
 GET /knowledge/faq 200 in 66ms (next.js: 4ms, proxy.ts: 3ms, application-code: 59ms)
 GET /knowledge/faq/import/1e3ef691-a416-4259-8553-4825164972ca 200 in 80ms (next.js: 28ms, proxy.ts: 3ms, application-code: 49ms)
 GET /knowledge/faq 200 in 82ms (next.js: 3ms, proxy.ts: 3ms, application-code: 75ms)
 GET /knowledge/faq/import/1e3ef691-a416-4259-8553-4825164972ca 200 in 62ms (next.js: 25ms, proxy.ts: 3ms, application-code: 34ms)
 GET /knowledge/faq 200 in 63ms (next.js: 4ms, proxy.ts: 3ms, application-code: 56ms)
 GET /knowledge/faq/import/1e3ef691-a416-4259-8553-4825164972ca 200 in 64ms (next.js: 25ms, proxy.ts: 3ms, application-code: 36ms)
 GET /knowledge/faq 200 in 65ms (next.js: 4ms, proxy.ts: 3ms, application-code: 58ms)
 GET /knowledge/faq/import/1e3ef691-a416-4259-8553-4825164972ca 200 in 75ms (next.js: 30ms, proxy.ts: 3ms, application-code: 42ms)
 GET /knowledge/faq 200 in 77ms (next.js: 4ms, proxy.ts: 3ms, application-code: 70ms)
 GET /knowledge/faq/import/1e3ef691-a416-4259-8553-4825164972ca 200 in 68ms (next.js: 27ms, proxy.ts: 3ms, application-code: 39ms)
 GET /knowledge/faq 200 in 69ms (next.js: 3ms, proxy.ts: 3ms, application-code: 63ms)
 GET /knowledge/faq/import/1e3ef691-a416-4259-8553-4825164972ca 200 in 63ms (next.js: 25ms, proxy.ts: 3ms, application-code: 35ms)
 GET /knowledge/faq 200 in 64ms (next.js: 4ms, proxy.ts: 3ms, application-code: 58ms)
 GET /knowledge/faq/import/1e3ef691-a416-4259-8553-4825164972ca 200 in 80ms (next.js: 26ms, proxy.ts: 3ms, application-code: 51ms)
 GET /knowledge/faq 200 in 83ms (next.js: 4ms, proxy.ts: 4ms, application-code: 75ms)
 GET /knowledge/faq/import/1e3ef691-a416-4259-8553-4825164972ca 200 in 69ms (next.js: 29ms, proxy.ts: 3ms, application-code: 37ms)
 GET /knowledge/faq 200 in 71ms (next.js: 4ms, proxy.ts: 3ms, application-code: 63ms)
 GET /knowledge/faq/import/1e3ef691-a416-4259-8553-4825164972ca 200 in 64ms (next.js: 27ms, proxy.ts: 3ms, application-code: 34ms)
 GET /knowledge/faq 200 in 65ms (next.js: 4ms, proxy.ts: 3ms, application-code: 58ms)
 GET /knowledge/faq 200 in 80ms (next.js: 4ms, proxy.ts: 4ms, application-code: 72ms)
 GET /knowledge/faq/import/1e3ef691-a416-4259-8553-4825164972ca 200 in 79ms (next.js: 38ms, proxy.ts: 3ms, application-code: 38ms)
 GET /knowledge/faq/import/1e3ef691-a416-4259-8553-4825164972ca 200 in 79ms (next.js: 32ms, proxy.ts: 4ms, application-code: 43ms)
 GET /knowledge/faq 200 in 82ms (next.js: 5ms, proxy.ts: 4ms, application-code: 73ms)
 GET /knowledge/faq/import/1e3ef691-a416-4259-8553-4825164972ca 200 in 77ms (next.js: 33ms, proxy.ts: 3ms, application-code: 40ms)
 GET /knowledge/faq 200 in 81ms (next.js: 5ms, proxy.ts: 6ms, application-code: 71ms)
 GET /knowledge/faq/import/1e3ef691-a416-4259-8553-4825164972ca 200 in 71ms (next.js: 27ms, proxy.ts: 3ms, application-code: 41ms)
 GET /knowledge/faq 200 in 72ms (next.js: 4ms, proxy.ts: 3ms, application-code: 66ms)
 GET /knowledge/faq/import/1e3ef691-a416-4259-8553-4825164972ca 200 in 72ms (next.js: 30ms, proxy.ts: 3ms, application-code: 39ms)
 GET /knowledge/faq 200 in 74ms (next.js: 4ms, proxy.ts: 4ms, application-code: 66ms)
 GET /knowledge/faq/import/1e3ef691-a416-4259-8553-4825164972ca 200 in 72ms (next.js: 29ms, proxy.ts: 3ms, application-code: 40ms)
 GET /knowledge/faq 200 in 73ms (next.js: 3ms, proxy.ts: 3ms, application-code: 67ms)
 GET /knowledge/faq/import/1e3ef691-a416-4259-8553-4825164972ca 200 in 71ms (next.js: 30ms, proxy.ts: 3ms, application-code: 39ms)
 GET /knowledge/faq 200 in 73ms (next.js: 4ms, proxy.ts: 3ms, application-code: 66ms)
 GET /knowledge/faq/import/1e3ef691-a416-4259-8553-4825164972ca 200 in 65ms (next.js: 23ms, proxy.ts: 3ms, application-code: 39ms)
 GET /knowledge/faq 200 in 68ms (next.js: 4ms, proxy.ts: 4ms, application-code: 60ms)
 GET /knowledge/faq/import/1e3ef691-a416-4259-8553-4825164972ca 200 in 69ms (next.js: 28ms, proxy.ts: 3ms, application-code: 38ms)
 GET /knowledge/faq 200 in 70ms (next.js: 4ms, proxy.ts: 3ms, application-code: 63ms)
 GET /knowledge/faq/import/1e3ef691-a416-4259-8553-4825164972ca 200 in 71ms (next.js: 31ms, proxy.ts: 3ms, application-code: 38ms)
 GET /knowledge/faq 200 in 73ms (next.js: 4ms, proxy.ts: 3ms, application-code: 66ms)
 GET /knowledge/faq/import/1e3ef691-a416-4259-8553-4825164972ca 200 in 76ms (next.js: 29ms, proxy.ts: 3ms, application-code: 44ms)
 GET /knowledge/faq 200 in 78ms (next.js: 4ms, proxy.ts: 3ms, application-code: 71ms)
 GET /knowledge/faq/import/1e3ef691-a416-4259-8553-4825164972ca 200 in 65ms (next.js: 27ms, proxy.ts: 3ms, application-code: 35ms)
 GET /knowledge/faq 200 in 66ms (next.js: 3ms, proxy.ts: 3ms, application-code: 60ms)
 GET /knowledge/faq/import/1e3ef691-a416-4259-8553-4825164972ca 200 in 67ms (next.js: 25ms, proxy.ts: 3ms, application-code: 39ms)
 GET /knowledge/faq 200 in 69ms (next.js: 4ms, proxy.ts: 3ms, application-code: 62ms)
 GET /knowledge/faq/import/1e3ef691-a416-4259-8553-4825164972ca 200 in 72ms (next.js: 26ms, proxy.ts: 3ms, application-code: 44ms)
 GET /knowledge/faq 200 in 74ms (next.js: 3ms, proxy.ts: 3ms, application-code: 67ms)
 GET /knowledge/faq/import/1e3ef691-a416-4259-8553-4825164972ca 200 in 66ms (next.js: 25ms, proxy.ts: 3ms, application-code: 38ms)
 GET /knowledge/faq 200 in 67ms (next.js: 4ms, proxy.ts: 3ms, application-code: 61ms)
 GET /knowledge/faq/import/1e3ef691-a416-4259-8553-4825164972ca 200 in 70ms (next.js: 26ms, proxy.ts: 3ms, application-code: 42ms)
 GET /knowledge/faq 200 in 72ms (next.js: 4ms, proxy.ts: 3ms, application-code: 65ms)
 GET /knowledge/faq/import/1e3ef691-a416-4259-8553-4825164972ca 200 in 74ms (next.js: 29ms, proxy.ts: 3ms, application-code: 42ms)
 GET /knowledge/faq 200 in 76ms (next.js: 4ms, proxy.ts: 3ms, application-code: 68ms)
 GET /knowledge/faq/import/1e3ef691-a416-4259-8553-4825164972ca 200 in 63ms (next.js: 27ms, proxy.ts: 3ms, application-code: 33ms)
 GET /knowledge/faq 200 in 63ms (next.js: 4ms, proxy.ts: 3ms, application-code: 57ms)
 GET /knowledge/faq/import/1e3ef691-a416-4259-8553-4825164972ca 200 in 64ms (next.js: 26ms, proxy.ts: 2ms, application-code: 35ms)
 GET /knowledge/faq 200 in 65ms (next.js: 4ms, proxy.ts: 3ms, application-code: 59ms)
 GET /knowledge/faq/import/1e3ef691-a416-4259-8553-4825164972ca 200 in 77ms (next.js: 22ms, proxy.ts: 20ms, application-code: 35ms)
 GET /knowledge/faq 200 in 81ms (next.js: 5ms, proxy.ts: 3ms, application-code: 73ms)
 GET /knowledge/faq/import/1e3ef691-a416-4259-8553-4825164972ca 200 in 65ms (next.js: 26ms, proxy.ts: 3ms, application-code: 36ms)
 GET /knowledge/faq 200 in 66ms (next.js: 3ms, proxy.ts: 3ms, application-code: 60ms)
 GET /knowledge/faq/import/1e3ef691-a416-4259-8553-4825164972ca 200 in 67ms (next.js: 29ms, proxy.ts: 3ms, application-code: 36ms)
 GET /knowledge/faq 200 in 68ms (next.js: 4ms, proxy.ts: 3ms, application-code: 62ms)
 GET /knowledge/faq/import/1e3ef691-a416-4259-8553-4825164972ca 200 in 73ms (next.js: 28ms, proxy.ts: 3ms, application-code: 42ms)
 GET /knowledge/faq 200 in 74ms (next.js: 4ms, proxy.ts: 3ms, application-code: 67ms)
 GET /knowledge/faq/import/1e3ef691-a416-4259-8553-4825164972ca 200 in 65ms (next.js: 25ms, proxy.ts: 3ms, application-code: 37ms)
 GET /knowledge/faq 200 in 66ms (next.js: 3ms, proxy.ts: 3ms, application-code: 60ms)
 GET /knowledge/faq/import/1e3ef691-a416-4259-8553-4825164972ca 200 in 65ms (next.js: 26ms, proxy.ts: 3ms, application-code: 36ms)
 GET /knowledge/faq 200 in 66ms (next.js: 4ms, proxy.ts: 3ms, application-code: 59ms)
 GET /knowledge/faq/import/1e3ef691-a416-4259-8553-4825164972ca 200 in 74ms (next.js: 26ms, proxy.ts: 4ms, application-code: 45ms)
 GET /knowledge/faq 200 in 76ms (next.js: 4ms, proxy.ts: 3ms, application-code: 68ms)
 GET /knowledge/faq/import/1e3ef691-a416-4259-8553-4825164972ca 200 in 68ms (next.js: 27ms, proxy.ts: 3ms, application-code: 39ms)
 GET /knowledge/faq 200 in 70ms (next.js: 3ms, proxy.ts: 3ms, application-code: 63ms)
 GET /knowledge/faq/import/1e3ef691-a416-4259-8553-4825164972ca 200 in 65ms (next.js: 26ms, proxy.ts: 3ms, application-code: 36ms)
 GET /knowledge/faq 200 in 66ms (next.js: 4ms, proxy.ts: 3ms, application-code: 60ms)
 GET /knowledge/faq/import/1e3ef691-a416-4259-8553-4825164972ca 200 in 74ms (next.js: 36ms, proxy.ts: 3ms, application-code: 35ms)
 GET /knowledge/faq 200 in 76ms (next.js: 4ms, proxy.ts: 3ms, application-code: 69ms)
 GET /knowledge/faq 200 in 68ms (next.js: 4ms, proxy.ts: 3ms, application-code: 61ms)
 GET /knowledge/faq/import/1e3ef691-a416-4259-8553-4825164972ca 200 in 68ms (next.js: 28ms, proxy.ts: 3ms, application-code: 37ms)
 GET /knowledge/faq/import/1e3ef691-a416-4259-8553-4825164972ca 200 in 70ms (next.js: 29ms, proxy.ts: 3ms, application-code: 38ms)
 GET /knowledge/faq 200 in 71ms (next.js: 4ms, proxy.ts: 3ms, application-code: 65ms)
 GET /knowledge/faq/import/1e3ef691-a416-4259-8553-4825164972ca 200 in 75ms (next.js: 28ms, proxy.ts: 9ms, application-code: 39ms)
 GET /knowledge/faq 200 in 78ms (next.js: 11ms, proxy.ts: 3ms, application-code: 63ms)
 GET /knowledge/faq/import/1e3ef691-a416-4259-8553-4825164972ca 200 in 69ms (next.js: 27ms, proxy.ts: 3ms, application-code: 39ms)
 GET /knowledge/faq 200 in 70ms (next.js: 6ms, proxy.ts: 3ms, application-code: 61ms)
 GET /knowledge/faq/import/1e3ef691-a416-4259-8553-4825164972ca 200 in 72ms (next.js: 26ms, proxy.ts: 3ms, application-code: 44ms)
 GET /knowledge/faq 200 in 74ms (next.js: 3ms, proxy.ts: 3ms, application-code: 68ms)
 GET /knowledge/faq/import/1e3ef691-a416-4259-8553-4825164972ca 200 in 66ms (next.js: 28ms, proxy.ts: 3ms, application-code: 36ms)
 GET /knowledge/faq 200 in 67ms (next.js: 4ms, proxy.ts: 3ms, application-code: 61ms)
 GET /knowledge/faq/import/1e3ef691-a416-4259-8553-4825164972ca 200 in 65ms (next.js: 27ms, proxy.ts: 3ms, application-code: 34ms)
 GET /knowledge/faq 200 in 66ms (next.js: 4ms, proxy.ts: 3ms, application-code: 59ms)
 GET /knowledge/faq/import/1e3ef691-a416-4259-8553-4825164972ca 200 in 70ms (next.js: 26ms, proxy.ts: 3ms, application-code: 42ms)
 GET /knowledge/faq 200 in 71ms (next.js: 4ms, proxy.ts: 3ms, application-code: 65ms)
 GET /knowledge/faq/import/1e3ef691-a416-4259-8553-4825164972ca 200 in 70ms (next.js: 30ms, proxy.ts: 3ms, application-code: 37ms)
 GET /knowledge/faq 200 in 73ms (next.js: 5ms, proxy.ts: 4ms, application-code: 64ms)
 GET /knowledge/faq/import/1e3ef691-a416-4259-8553-4825164972ca 200 in 70ms (next.js: 30ms, proxy.ts: 3ms, application-code: 37ms)
 GET /knowledge/faq 200 in 71ms (next.js: 4ms, proxy.ts: 3ms, application-code: 65ms)
 GET /knowledge/faq/import/1e3ef691-a416-4259-8553-4825164972ca 200 in 81ms (next.js: 27ms, proxy.ts: 3ms, application-code: 51ms)
 GET /knowledge/faq 200 in 82ms (next.js: 4ms, proxy.ts: 3ms, application-code: 75ms)
 GET /knowledge/faq/import/1e3ef691-a416-4259-8553-4825164972ca 200 in 65ms (next.js: 25ms, proxy.ts: 3ms, application-code: 36ms)
 GET /knowledge/faq 200 in 66ms (next.js: 4ms, proxy.ts: 3ms, application-code: 59ms)
 GET /knowledge/faq 200 in 65ms (next.js: 4ms, proxy.ts: 3ms, application-code: 59ms)
 GET /knowledge/faq/import/1e3ef691-a416-4259-8553-4825164972ca 200 in 65ms (next.js: 28ms, proxy.ts: 3ms, application-code: 35ms)
 GET /knowledge/faq/import/1e3ef691-a416-4259-8553-4825164972ca 200 in 78ms (next.js: 29ms, proxy.ts: 3ms, application-code: 47ms)
 GET /knowledge/faq 200 in 80ms (next.js: 5ms, proxy.ts: 3ms, application-code: 73ms)
 GET /knowledge/faq/import/1e3ef691-a416-4259-8553-4825164972ca 200 in 78ms (next.js: 39ms, proxy.ts: 3ms, application-code: 36ms)
 GET /knowledge/faq 200 in 80ms (next.js: 4ms, proxy.ts: 3ms, application-code: 73ms)
 GET /knowledge/faq/import/1e3ef691-a416-4259-8553-4825164972ca 200 in 64ms (next.js: 26ms, proxy.ts: 3ms, application-code: 35ms)
 GET /knowledge/faq 200 in 65ms (next.js: 3ms, proxy.ts: 3ms, application-code: 58ms)
 GET /knowledge/faq/import/1e3ef691-a416-4259-8553-4825164972ca 200 in 64ms (next.js: 25ms, proxy.ts: 3ms, application-code: 36ms)
 GET /knowledge/faq 200 in 66ms (next.js: 4ms, proxy.ts: 3ms, application-code: 59ms)
 GET /knowledge/faq/import/1e3ef691-a416-4259-8553-4825164972ca 200 in 73ms (next.js: 34ms, proxy.ts: 3ms, application-code: 36ms)
 GET /knowledge/faq 200 in 74ms (next.js: 4ms, proxy.ts: 3ms, application-code: 68ms)
 GET /knowledge/faq/import/1e3ef691-a416-4259-8553-4825164972ca 200 in 64ms (next.js: 25ms, proxy.ts: 3ms, application-code: 36ms)
 GET /knowledge/faq 200 in 65ms (next.js: 3ms, proxy.ts: 3ms, application-code: 59ms)
 GET /knowledge/faq/import/1e3ef691-a416-4259-8553-4825164972ca 200 in 78ms (next.js: 26ms, proxy.ts: 3ms, application-code: 48ms)
 GET /knowledge/faq 200 in 79ms (next.js: 4ms, proxy.ts: 3ms, application-code: 72ms)
 GET /knowledge/faq 200 in 67ms (next.js: 5ms, proxy.ts: 3ms, application-code: 59ms)
 GET /knowledge/faq/import/1e3ef691-a416-4259-8553-4825164972ca 200 in 67ms (next.js: 29ms, proxy.ts: 3ms, application-code: 36ms)
 GET /knowledge/faq/import/1e3ef691-a416-4259-8553-4825164972ca 200 in 66ms (next.js: 26ms, proxy.ts: 3ms, application-code: 37ms)
 GET /knowledge/faq 200 in 67ms (next.js: 4ms, proxy.ts: 3ms, application-code: 60ms)
 GET /knowledge/faq/import/1e3ef691-a416-4259-8553-4825164972ca 200 in 78ms (next.js: 26ms, proxy.ts: 4ms, application-code: 48ms)
 GET /knowledge/faq 200 in 79ms (next.js: 4ms, proxy.ts: 4ms, application-code: 71ms)
 GET /knowledge/faq/import/1e3ef691-a416-4259-8553-4825164972ca 200 in 66ms (next.js: 26ms, proxy.ts: 3ms, application-code: 37ms)
 GET /knowledge/faq 200 in 68ms (next.js: 3ms, proxy.ts: 3ms, application-code: 61ms)
 GET /knowledge/faq/import/1e3ef691-a416-4259-8553-4825164972ca 200 in 106ms (next.js: 61ms, proxy.ts: 5ms, application-code: 40ms)
 GET /knowledge/faq 200 in 108ms (next.js: 45ms, proxy.ts: 5ms, application-code: 58ms)
 GET /knowledge/faq/import/1e3ef691-a416-4259-8553-4825164972ca 200 in 74ms (next.js: 28ms, proxy.ts: 3ms, application-code: 43ms)
 GET /knowledge/faq 200 in 75ms (next.js: 4ms, proxy.ts: 3ms, application-code: 68ms)
 GET /knowledge/faq/import/1e3ef691-a416-4259-8553-4825164972ca 200 in 67ms (next.js: 28ms, proxy.ts: 3ms, application-code: 37ms)
 GET /knowledge/faq 200 in 68ms (next.js: 3ms, proxy.ts: 3ms, application-code: 62ms)
 GET /knowledge/faq/import/1e3ef691-a416-4259-8553-4825164972ca 200 in 64ms (next.js: 27ms, proxy.ts: 3ms, application-code: 35ms)
 GET /knowledge/faq 200 in 66ms (next.js: 4ms, proxy.ts: 3ms, application-code: 59ms)
 GET /knowledge/faq/import/1e3ef691-a416-4259-8553-4825164972ca 200 in 84ms (next.js: 35ms, proxy.ts: 3ms, application-code: 45ms)
 GET /knowledge/faq 200 in 85ms (next.js: 6ms, proxy.ts: 3ms, application-code: 76ms)
 GET /knowledge/faq/import/1e3ef691-a416-4259-8553-4825164972ca 200 in 78ms (next.js: 31ms, proxy.ts: 3ms, application-code: 43ms)
 GET /knowledge/faq 200 in 80ms (next.js: 4ms, proxy.ts: 4ms, application-code: 72ms)
 GET /knowledge/faq/import/1e3ef691-a416-4259-8553-4825164972ca 200 in 75ms (next.js: 30ms, proxy.ts: 4ms, application-code: 41ms)
 GET /knowledge/faq 200 in 75ms (next.js: 5ms, proxy.ts: 4ms, application-code: 67ms)
 GET /knowledge/faq/import/1e3ef691-a416-4259-8553-4825164972ca 200 in 69ms (next.js: 28ms, proxy.ts: 2ms, application-code: 38ms)
 GET /knowledge/faq 200 in 71ms (next.js: 4ms, proxy.ts: 3ms, application-code: 64ms)
 GET /knowledge/faq/import/1e3ef691-a416-4259-8553-4825164972ca 200 in 70ms (next.js: 28ms, proxy.ts: 3ms, application-code: 39ms)
 GET /knowledge/faq 200 in 71ms (next.js: 3ms, proxy.ts: 3ms, application-code: 65ms)
 GET /knowledge/faq/import/1e3ef691-a416-4259-8553-4825164972ca 200 in 74ms (next.js: 31ms, proxy.ts: 3ms, application-code: 40ms)
 GET /knowledge/faq 200 in 76ms (next.js: 4ms, proxy.ts: 3ms, application-code: 68ms)
 GET /knowledge/faq/import/1e3ef691-a416-4259-8553-4825164972ca 200 in 71ms (next.js: 26ms, proxy.ts: 3ms, application-code: 41ms)
 GET /knowledge/faq 200 in 72ms (next.js: 4ms, proxy.ts: 4ms, application-code: 64ms)
 GET /knowledge/faq/import/1e3ef691-a416-4259-8553-4825164972ca 200 in 71ms (next.js: 25ms, proxy.ts: 3ms, application-code: 43ms)
 GET /knowledge/faq 200 in 72ms (next.js: 3ms, proxy.ts: 3ms, application-code: 66ms)
[?25h
